benchmark,target_id
apps,0
apps,1
apps,2
apps,3
apps,4
apps,5
apps,6
apps,7
apps,8
apps,9
apps,10
apps,11
apps,12
apps,13
apps,14
apps,15
apps,16
apps,17
apps,18
apps,19
apps,20
apps,21
apps,22
apps,23
apps,24
apps,25
apps,26
apps,27
apps,28
apps,29
apps,30
apps,31
apps,32
apps,33
apps,34
apps,35
apps,36
apps,37
apps,38
apps,39
apps,40
apps,41
apps,42
apps,43
apps,44
apps,45
apps,46
apps,47
apps,48
apps,49
apps,50
apps,51
apps,52
apps,53
apps,54
apps,55
apps,56
apps,57
apps,58
apps,59
apps,60
apps,61
apps,62
apps,63
apps,64
apps,65
apps,66
apps,67
apps,68
apps,69
apps,70
apps,71
apps,72
apps,73
apps,74
apps,75
apps,76
apps,77
apps,78
apps,79
apps,80
apps,81
apps,82
apps,83
apps,84
apps,85
apps,86
apps,87
apps,88
apps,89
apps,90
apps,91
apps,92
apps,93
apps,94
apps,95
apps,96
apps,97
apps,98
apps,99
apps,100
apps,101
apps,102
apps,3689
apps,3690
apps,3691
apps,3692
apps,3693
apps,3694
apps,3695
apps,3696
apps,3697
apps,3698
apps,3699
apps,3700
apps,3701
apps,3702
apps,3703
apps,4000
apps,4001
apps,4002
apps,4003
apps,4004
apps,4005
apps,4006
apps,4007
apps,4008
humaneval_plus,0
humaneval_plus,1
humaneval_plus,2
humaneval_plus,3
humaneval_plus,4
humaneval_plus,5
humaneval_plus,6
humaneval_plus,7
humaneval_plus,8
humaneval_plus,9
humaneval_plus,10
humaneval_plus,11
humaneval_plus,12
humaneval_plus,13
humaneval_plus,14
humaneval_plus,15
humaneval_plus,16
humaneval_plus,17
humaneval_plus,18
humaneval_plus,19
humaneval_plus,20
humaneval_plus,21
humaneval_plus,22
humaneval_plus,23
humaneval_plus,24
humaneval_plus,25
humaneval_plus,26
humaneval_plus,27
humaneval_plus,28
humaneval_plus,29
humaneval_plus,30
humaneval_plus,31
humaneval_plus,32
humaneval_plus,33
humaneval_plus,34
humaneval_plus,35
humaneval_plus,36
humaneval_plus,37
humaneval_plus,38
humaneval_plus,39
humaneval_plus,40
humaneval_plus,41
humaneval_plus,42
humaneval_plus,43
humaneval_plus,44
humaneval_plus,45
humaneval_plus,46
humaneval_plus,47
humaneval_plus,48
humaneval_plus,49
humaneval_plus,50
humaneval_plus,51
humaneval_plus,52
humaneval_plus,53
humaneval_plus,54
humaneval_plus,55
humaneval_plus,56
humaneval_plus,57
humaneval_plus,58
humaneval_plus,59
humaneval_plus,60
humaneval_plus,61
humaneval_plus,62
humaneval_plus,63
humaneval_plus,64
humaneval_plus,65
humaneval_plus,66
humaneval_plus,67
humaneval_plus,68
humaneval_plus,69
humaneval_plus,70
humaneval_plus,71
humaneval_plus,72
humaneval_plus,73
humaneval_plus,74
humaneval_plus,75
humaneval_plus,76
humaneval_plus,77
humaneval_plus,78
humaneval_plus,79
humaneval_plus,80
humaneval_plus,81
humaneval_plus,82
humaneval_plus,83
humaneval_plus,84
humaneval_plus,85
humaneval_plus,86
humaneval_plus,87
humaneval_plus,88
humaneval_plus,89
humaneval_plus,90
humaneval_plus,91
humaneval_plus,92
humaneval_plus,93
humaneval_plus,94
humaneval_plus,95
humaneval_plus,96
humaneval_plus,97
humaneval_plus,98
humaneval_plus,99
humaneval_plus,100
humaneval_plus,101
humaneval_plus,102
humaneval_plus,103
humaneval_plus,104
humaneval_plus,105
humaneval_plus,106
humaneval_plus,107
humaneval_plus,108
humaneval_plus,109
humaneval_plus,110
humaneval_plus,111
humaneval_plus,112
humaneval_plus,113
humaneval_plus,114
humaneval_plus,115
humaneval_plus,116
humaneval_plus,117
humaneval_plus,118
humaneval_plus,119
humaneval_plus,120
humaneval_plus,121
humaneval_plus,122
humaneval_plus,123
humaneval_plus,124
humaneval_plus,125
humaneval_plus,126
humaneval_plus,127
humaneval_plus,128
humaneval_plus,129
humaneval_plus,130
humaneval_plus,131
humaneval_plus,132
humaneval_plus,133
humaneval_plus,134
humaneval_plus,135
humaneval_plus,136
humaneval_plus,137
humaneval_plus,138
humaneval_plus,139
humaneval_plus,140
humaneval_plus,141
humaneval_plus,142
humaneval_plus,143
humaneval_plus,144
humaneval_plus,145
humaneval_plus,146
humaneval_plus,147
humaneval_plus,148
humaneval_plus,149
humaneval_plus,150
humaneval_plus,151
humaneval_plus,152
humaneval_plus,153
humaneval_plus,154
humaneval_plus,155
humaneval_plus,156
humaneval_plus,157
humaneval_plus,158
humaneval_plus,159
humaneval_plus,160
humaneval_plus,161
humaneval_plus,162
humaneval_plus,163
defects4j,Chart_1_workspace_objdump_d4j_full_fresh_chart_1_source_org_jfree_chart_renderer_category_AbstractCategoryItemRenderer_java_LegendItemCollection_getLegendItems
defects4j,Chart_12_workspace_objdump_d4j_full_fresh_chart_12_source_org_jfree_chart_plot_MultiplePiePlot_java_boolean_equals_Object_obj
defects4j,Chart_12_workspace_objdump_d4j_full_fresh_chart_12_source_org_jfree_chart_plot_MultiplePiePlot_java_MultiplePiePlot_CategoryDataset_dataset
defects4j,Chart_18_workspace_objdump_d4j_full_fresh_chart_18_source_org_jfree_data_DefaultKeyedValues_java_void_removeValue_int_index
defects4j,Chart_19_workspace_objdump_d4j_full_fresh_chart_19_source_org_jfree_chart_plot_CategoryPlot_java_int_getDomainAxisIndex_CategoryAxis_axis
defects4j,Chart_19_workspace_objdump_d4j_full_fresh_chart_19_source_org_jfree_chart_plot_CategoryPlot_java_int_getRangeAxisIndex_ValueAxis_axis
defects4j,Chart_20_workspace_objdump_d4j_full_fresh_chart_20_source_org_jfree_chart_plot_ValueMarker_java_boolean_equals_Object_obj
defects4j,Chart_20_workspace_objdump_d4j_full_fresh_chart_20_source_org_jfree_chart_plot_ValueMarker_java_ValueMarker_double_value_Paint_paint_Stroke_stroke_Paint_outlinePaint_Stroke_outlineStroke_float_alpha
defects4j,Chart_21_workspace_objdump_d4j_full_fresh_chart_21_source_org_jfree_data_statistics_DefaultBoxAndWhiskerCategoryDataset_java_void_add_List_list_Comparable_rowKey_Comparable_columnKey
defects4j,Chart_25_workspace_objdump_d4j_full_fresh_chart_25_source_org_jfree_chart_renderer_category_StatisticalBarRenderer_java_void_drawItem_Graphics2D_g2_CategoryItemRendererState_state_Rectangle2D_dataArea_CategoryPlot_plot_CategoryAxis_domainAxis_ValueAxis_rangeAxis_CategoryDataset_data_int_row_int_column_int_pass
defects4j,Chart_26_workspace_objdump_d4j_full_fresh_chart_26_source_org_jfree_chart_axis_Axis_java_AxisState_drawLabel_String_label_Graphics2D_g2_Rectangle2D_plotArea_Rectangle2D_dataArea_RectangleEdge_edge_AxisState_state_PlotRenderingInfo_plotState
defects4j,Chart_6_workspace_objdump_d4j_full_fresh_chart_6_source_org_jfree_chart_util_ShapeList_java_boolean_equals_Object_obj
defects4j,Chart_8_workspace_objdump_d4j_full_fresh_chart_8_source_org_jfree_data_time_Week_java_RegularTimePeriod_previous
defects4j,Cli_10_workspace_objdump_d4j_full_fresh_cli_10_src_java_org_apache_commons_cli_Parser_java_void_setOptions_Options_options
defects4j,Cli_10_workspace_objdump_d4j_full_fresh_cli_10_src_java_org_apache_commons_cli_Parser_java_CommandLine_parse_Options_options_String_arguments_Properties_properties_boolean_stopAtNonOption
defects4j,Cli_18_workspace_objdump_d4j_full_fresh_cli_18_src_java_org_apache_commons_cli_PosixParser_java_String_flatten_Options_options_String_arguments_boolean_stopAtNonOption
defects4j,Cli_18_workspace_objdump_d4j_full_fresh_cli_18_src_java_org_apache_commons_cli_PosixParser_java_void_processOptionToken_String_token_boolean_stopAtNonOption
defects4j,Cli_19_workspace_objdump_d4j_full_fresh_cli_19_src_java_org_apache_commons_cli_PosixParser_java_String_flatten_Options_options_String_arguments_boolean_stopAtNonOption
defects4j,Cli_19_workspace_objdump_d4j_full_fresh_cli_19_src_java_org_apache_commons_cli_PosixParser_java_void_processOptionToken_String_token_boolean_stopAtNonOption
defects4j,Cli_26_workspace_objdump_d4j_full_fresh_cli_26_src_java_org_apache_commons_cli_OptionBuilder_java_Option_create_char_opt
defects4j,Cli_3_workspace_objdump_d4j_full_fresh_cli_3_src_java_org_apache_commons_cli_TypeHandler_java_Object_createValue_String_str_Class_clazz
defects4j,Cli_3_workspace_objdump_d4j_full_fresh_cli_3_src_java_org_apache_commons_cli_TypeHandler_java_Number_createNumber_String_str
defects4j,Cli_32_workspace_objdump_d4j_full_fresh_cli_32_src_main_java_org_apache_commons_cli_HelpFormatter_java_StringBuffer_renderWrappedText_StringBuffer_sb_int_width_int_nextLineTabStop_String_text
defects4j,Cli_32_workspace_objdump_d4j_full_fresh_cli_32_src_main_java_org_apache_commons_cli_HelpFormatter_java_int_findWrapPos_String_text_int_width_int_startPos
defects4j,Cli_34_workspace_objdump_d4j_full_fresh_cli_34_src_main_java_org_apache_commons_cli_OptionBuilder_java_void_reset
defects4j,Cli_37_workspace_objdump_d4j_full_fresh_cli_37_src_main_java_org_apache_commons_cli_DefaultParser_java_boolean_isOption_String_token
defects4j,Cli_37_workspace_objdump_d4j_full_fresh_cli_37_src_main_java_org_apache_commons_cli_DefaultParser_java_boolean_isShortOption_String_token
defects4j,Cli_38_workspace_objdump_d4j_full_fresh_cli_38_src_main_java_org_apache_commons_cli_DefaultParser_java_boolean_isOption_String_token
defects4j,Cli_38_workspace_objdump_d4j_full_fresh_cli_38_src_main_java_org_apache_commons_cli_DefaultParser_java_boolean_isShortOption_String_token
defects4j,Cli_39_workspace_objdump_d4j_full_fresh_cli_39_src_main_java_org_apache_commons_cli_TypeHandler_java_Object_createValue_String_str_Object_obj
defects4j,Cli_40_workspace_objdump_d4j_full_fresh_cli_40_src_main_java_org_apache_commons_cli_TypeHandler_java_Object_createValue_String_str_Object_obj
defects4j,Closure_10_workspace_objdump_d4j_full_fresh_closure_10_src_com_google_javascript_jscomp_NodeUtil_java_boolean_isNumericResultHelper_Node_n
defects4j,Closure_100_workspace_objdump_d4j_full_fresh_closure_100_src_com_google_javascript_jscomp_CheckGlobalThis_java_boolean_shouldTraverse_NodeTraversal_t_Node_n_Node_parent
defects4j,Closure_101_workspace_objdump_d4j_full_fresh_closure_101_src_com_google_javascript_jscomp_CommandLineRunner_java_CompilerOptions_createOptions
defects4j,Closure_102_workspace_objdump_d4j_full_fresh_closure_102_src_com_google_javascript_jscomp_Normalize_java_void_process_Node_externs_Node_root
defects4j,Closure_103_workspace_objdump_d4j_full_fresh_closure_103_src_com_google_javascript_jscomp_ControlFlowAnalysis_java_void_connectToPossibleExceptionHandler_Node_cfgNode_Node_target
defects4j,Closure_104_workspace_objdump_d4j_full_fresh_closure_104_src_com_google_javascript_rhino_jstype_UnionType_java_JSType_meet_JSType_that
defects4j,Closure_105_workspace_objdump_d4j_full_fresh_closure_105_src_com_google_javascript_jscomp_FoldConstants_java_void_visit_NodeTraversal_t_Node_n_Node_parent
defects4j,Closure_105_workspace_objdump_d4j_full_fresh_closure_105_src_com_google_javascript_jscomp_FoldConstants_java_void_tryFoldStringJoin_NodeTraversal_t_Node_n_Node_left_Node_right_Node_parent
defects4j,Closure_106_workspace_objdump_d4j_full_fresh_closure_106_src_com_google_javascript_jscomp_GlobalNamespace_java_boolean_canEliminate
defects4j,Closure_107_workspace_objdump_d4j_full_fresh_closure_107_src_com_google_javascript_jscomp_CommandLineRunner_java_CompilerOptions_createOptions
defects4j,Closure_109_workspace_objdump_d4j_full_fresh_closure_109_src_com_google_javascript_jscomp_parsing_JsDocInfoParser_java_Node_parseContextTypeExpression_JsDocToken_token
defects4j,Closure_109_workspace_objdump_d4j_full_fresh_closure_109_src_com_google_javascript_jscomp_parsing_JsDocInfoParser_java_Node_parseFunctionType_JsDocToken_token
defects4j,Closure_11_workspace_objdump_d4j_full_fresh_closure_11_src_com_google_javascript_jscomp_TypeCheck_java_void_visit_NodeTraversal_t_Node_n_Node_parent
defects4j,Closure_11_workspace_objdump_d4j_full_fresh_closure_11_src_com_google_javascript_jscomp_TypeCheck_java_void_visitGetProp_NodeTraversal_t_Node_n_Node_parent
defects4j,Closure_111_workspace_objdump_d4j_full_fresh_closure_111_src_com_google_javascript_jscomp_type_ClosureReverseAbstractInterpreter_java_JSType_caseTopType_JSType_topType
defects4j,Closure_112_workspace_objdump_d4j_full_fresh_closure_112_src_com_google_javascript_jscomp_TypeInference_java_void_backwardsInferenceFromCallSite_Node_n_FunctionType_fnType
defects4j,Closure_112_workspace_objdump_d4j_full_fresh_closure_112_src_com_google_javascript_jscomp_TypeInference_java_boolean_inferTemplatedTypesForCall_Node_n_FunctionType_fnType
defects4j,Closure_113_workspace_objdump_d4j_full_fresh_closure_113_src_com_google_javascript_jscomp_ProcessClosurePrimitives_java_void_visit_NodeTraversal_t_Node_n_Node_parent
defects4j,Closure_113_workspace_objdump_d4j_full_fresh_closure_113_src_com_google_javascript_jscomp_ProcessClosurePrimitives_java_void_processRequireCall_NodeTraversal_t_Node_n_Node_parent
defects4j,Closure_114_workspace_objdump_d4j_full_fresh_closure_114_src_com_google_javascript_jscomp_NameAnalyzer_java_void_visit_NodeTraversal_t_Node_n_Node_parent
defects4j,Closure_115_workspace_objdump_d4j_full_fresh_closure_115_src_com_google_javascript_jscomp_FunctionInjector_java_CanInlineResult_canInlineReferenceDirectly_Node_callNode_Node_fnNode
defects4j,Closure_116_workspace_objdump_d4j_full_fresh_closure_116_src_com_google_javascript_jscomp_FunctionInjector_java_CanInlineResult_canInlineReferenceDirectly_Node_callNode_Node_fnNode
defects4j,Closure_119_workspace_objdump_d4j_full_fresh_closure_119_src_com_google_javascript_jscomp_GlobalNamespace_java_boolean_shouldTraverse_NodeTraversal_t_Node_n_Node_parent
defects4j,Closure_119_workspace_objdump_d4j_full_fresh_closure_119_src_com_google_javascript_jscomp_GlobalNamespace_java_void_collect_JSModule_module_Scope_scope_Node_n
defects4j,Closure_12_workspace_objdump_d4j_full_fresh_closure_12_src_com_google_javascript_jscomp_MaybeReachingVariableUse_java_ReachingUses_flowThrough_Node_n_ReachingUses_input
defects4j,Closure_12_workspace_objdump_d4j_full_fresh_closure_12_src_com_google_javascript_jscomp_MaybeReachingVariableUse_java_boolean_hasExceptionHandler_Node_cfgNode
defects4j,Closure_120_workspace_objdump_d4j_full_fresh_closure_120_src_com_google_javascript_jscomp_ReferenceCollectingCallback_java_boolean_isAssignedOnceInLifetime
defects4j,Closure_122_workspace_objdump_d4j_full_fresh_closure_122_src_com_google_javascript_jscomp_parsing_IRFactory_java_Node_transformTree_AstRoot_node_StaticSourceFile_sourceFile_String_sourceString_Config_config_ErrorReporter_errorReporter
defects4j,Closure_122_workspace_objdump_d4j_full_fresh_closure_122_src_com_google_javascript_jscomp_parsing_IRFactory_java_void_handleBlockComment_Comment_comment
defects4j,Closure_124_workspace_objdump_d4j_full_fresh_closure_124_src_com_google_javascript_jscomp_ExploitAssigns_java_boolean_collapseAssignEqualTo_Node_expr_Node_exprParent_Node_value
defects4j,Closure_126_workspace_objdump_d4j_full_fresh_closure_126_src_com_google_javascript_jscomp_MinimizeExitPoints_java_void_visit_NodeTraversal_t_Node_n_Node_parent
defects4j,Closure_126_workspace_objdump_d4j_full_fresh_closure_126_src_com_google_javascript_jscomp_MinimizeExitPoints_java_void_tryMinimizeExits_Node_n_int_exitType_String_labelName
defects4j,Closure_127_workspace_objdump_d4j_full_fresh_closure_127_src_com_google_javascript_jscomp_UnreachableCodeElimination_java_void_visit_NodeTraversal_t_Node_n_Node_parent
defects4j,Closure_127_workspace_objdump_d4j_full_fresh_closure_127_src_com_google_javascript_jscomp_UnreachableCodeElimination_java_void_tryRemoveUnconditionalBranching_Node_n
defects4j,Closure_129_workspace_objdump_d4j_full_fresh_closure_129_src_com_google_javascript_jscomp_PrepareAst_java_void_visit_NodeTraversal_t_Node_n_Node_parent
defects4j,Closure_129_workspace_objdump_d4j_full_fresh_closure_129_src_com_google_javascript_jscomp_PrepareAst_java_void_annotateCalls_Node_n
defects4j,Closure_13_workspace_objdump_d4j_full_fresh_closure_13_src_com_google_javascript_jscomp_PeepholeOptimizationsPass_java_void_process_Node_externs_Node_root
defects4j,Closure_13_workspace_objdump_d4j_full_fresh_closure_13_src_com_google_javascript_jscomp_PeepholeOptimizationsPass_java_void_traverse_Node_node
defects4j,Closure_132_workspace_objdump_d4j_full_fresh_closure_132_src_com_google_javascript_jscomp_PeepholeSubstituteAlternateSyntax_java_Node_optimizeSubtree_Node_node
defects4j,Closure_132_workspace_objdump_d4j_full_fresh_closure_132_src_com_google_javascript_jscomp_PeepholeSubstituteAlternateSyntax_java_Node_tryMinimizeIf_Node_n
defects4j,Closure_136_workspace_objdump_d4j_full_fresh_closure_136_src_com_google_javascript_jscomp_MethodCompilerPass_java_void_addPossibleSignature_String_name_Node_node_NodeTraversal_t
defects4j,Closure_138_workspace_objdump_d4j_full_fresh_closure_138_src_com_google_javascript_jscomp_ClosureReverseAbstractInterpreter_java_FlowScope_getPreciserScopeKnowingConditionOutcome_Node_condition_FlowScope_blindScope_boolean_outcome
defects4j,Closure_14_workspace_objdump_d4j_full_fresh_closure_14_src_com_google_javascript_jscomp_ControlFlowAnalysis_java_void_handleIf_Node_node
defects4j,Closure_142_workspace_objdump_d4j_full_fresh_closure_142_src_com_google_javascript_jscomp_CoalesceVariableNames_java_void_enterScope_NodeTraversal_t
defects4j,Closure_143_workspace_objdump_d4j_full_fresh_closure_143_src_com_google_javascript_jscomp_AbstractCommandLineRunner_java_void_initOptionsFromFlags_CompilerOptions_options
defects4j,Closure_146_workspace_objdump_d4j_full_closure_146_src_com_google_javascript_rhino_jstype_JSType_java_TypePair_getTypesUnderInequality_JSType_that
defects4j,Closure_147_workspace_objdump_d4j_full_closure_147_src_com_google_javascript_jscomp_CheckGlobalThis_java_boolean_shouldTraverse_NodeTraversal_t_Node_n_Node_parent
defects4j,Closure_149_workspace_objdump_d4j_full_closure_149_src_com_google_javascript_jscomp_AbstractCommandLineRunner_java_void_setRunOptions_CompilerOptions_options
defects4j,Closure_150_workspace_objdump_d4j_full_closure_150_src_com_google_javascript_jscomp_TypedScopeCreator_java_void_visit_NodeTraversal_t_Node_n_Node_parent
defects4j,Closure_151_workspace_objdump_d4j_full_closure_151_src_com_google_javascript_jscomp_CommandLineRunner_java_void_initConfigFromFlags_String_args_PrintStream_err
defects4j,Closure_155_workspace_objdump_d4j_full_closure_155_src_com_google_javascript_jscomp_InlineVariables_java_void_inlineNonConstants_Var_v_ReferenceCollection_referenceInfo
defects4j,Closure_155_workspace_objdump_d4j_full_closure_155_src_com_google_javascript_jscomp_ReferenceCollectingCallback_java_void_visit_NodeTraversal_t_Node_n_Node_parent
defects4j,Closure_159_workspace_objdump_d4j_full_closure_159_src_com_google_javascript_jscomp_InlineFunctions_java_void_resolveInlineConflictsForFunction_FunctionState_fs
defects4j,Closure_160_workspace_objdump_d4j_full_closure_160_src_com_google_javascript_jscomp_Compiler_java_void_initOptions_CompilerOptions_options
defects4j,Closure_160_workspace_objdump_d4j_full_closure_160_src_com_google_javascript_jscomp_Compiler_java_void_initCompilerOptionsIfTesting
defects4j,Closure_161_workspace_objdump_d4j_full_closure_161_src_com_google_javascript_jscomp_PeepholeFoldConstants_java_Node_tryFoldGetElem_Node_n_Node_left_Node_right
defects4j,Closure_161_workspace_objdump_d4j_full_closure_161_src_com_google_javascript_jscomp_PeepholeFoldConstants_java_Node_tryFoldArrayAccess_Node_n_Node_left_Node_right
defects4j,Closure_167_workspace_objdump_d4j_full_closure_167_src_com_google_javascript_jscomp_type_SemanticReverseAbstractInterpreter_java_FlowScope_getPreciserScopeKnowingConditionOutcome_Node_condition_FlowScope_blindScope_boolean_outcome
defects4j,Closure_168_workspace_objdump_d4j_full_closure_168_src_com_google_javascript_jscomp_TypedScopeCreator_java_void_visit_NodeTraversal_t_Node_n_Node_parent
defects4j,Closure_169_workspace_objdump_d4j_full_closure_169_src_com_google_javascript_rhino_jstype_JSType_java_boolean_isEquivalentTo_JSType_that
defects4j,Closure_170_workspace_objdump_d4j_full_closure_170_src_com_google_javascript_jscomp_FlowSensitiveInlineVariables_java_boolean_canInline_Scope_scope
defects4j,Closure_170_workspace_objdump_d4j_full_closure_170_src_com_google_javascript_jscomp_FlowSensitiveInlineVariables_java_void_getNumUseInUseCfgNode_Node_cfgNode
defects4j,Closure_171_workspace_objdump_d4j_full_closure_171_src_com_google_javascript_jscomp_TypeInference_java_FlowScope_traverse_Node_n_FlowScope_scope
defects4j,Closure_173_workspace_objdump_d4j_full_closure_173_src_com_google_javascript_jscomp_CodeGenerator_java_void_add_String_str
defects4j,Closure_176_workspace_objdump_d4j_full_closure_176_src_com_google_javascript_jscomp_TypeInference_java_FlowScope_traverseAssign_Node_n_FlowScope_scope
defects4j,Closure_18_workspace_objdump_d4j_full_fresh_closure_18_src_com_google_javascript_jscomp_Compiler_java_void_parse
defects4j,Closure_18_workspace_objdump_d4j_full_fresh_closure_18_src_com_google_javascript_jscomp_Compiler_java_Node_parseInputs
defects4j,Closure_20_workspace_objdump_d4j_full_fresh_closure_20_src_com_google_javascript_jscomp_PeepholeSubstituteAlternateSyntax_java_Node_optimizeSubtree_Node_node
defects4j,Closure_20_workspace_objdump_d4j_full_fresh_closure_20_src_com_google_javascript_jscomp_PeepholeSubstituteAlternateSyntax_java_Node_tryFoldSimpleFunctionCall_Node_n
defects4j,Closure_21_workspace_objdump_d4j_full_fresh_closure_21_src_com_google_javascript_jscomp_CheckSideEffects_java_void_visit_NodeTraversal_t_Node_n_Node_parent
defects4j,Closure_22_workspace_objdump_d4j_full_fresh_closure_22_src_com_google_javascript_jscomp_CheckSideEffects_java_void_visit_NodeTraversal_t_Node_n_Node_parent
defects4j,Closure_23_workspace_objdump_d4j_full_fresh_closure_23_src_com_google_javascript_jscomp_PeepholeFoldConstants_java_Node_tryFoldGetElem_Node_n_Node_left_Node_right
defects4j,Closure_23_workspace_objdump_d4j_full_fresh_closure_23_src_com_google_javascript_jscomp_PeepholeFoldConstants_java_Node_tryFoldArrayAccess_Node_n_Node_left_Node_right
defects4j,Closure_26_workspace_objdump_d4j_full_fresh_closure_26_src_com_google_javascript_jscomp_ProcessCommonJSModules_java_void_visit_NodeTraversal_t_Node_n_Node_parent
defects4j,Closure_29_workspace_objdump_d4j_full_fresh_closure_29_src_com_google_javascript_jscomp_InlineObjectLiterals_java_void_afterExitScope_NodeTraversal_t_ReferenceMap_referenceMap
defects4j,Closure_31_workspace_objdump_d4j_full_fresh_closure_31_src_com_google_javascript_jscomp_Compiler_java_void_parse
defects4j,Closure_31_workspace_objdump_d4j_full_fresh_closure_31_src_com_google_javascript_jscomp_Compiler_java_Node_parseInputs
defects4j,Closure_36_workspace_objdump_d4j_full_fresh_closure_36_src_com_google_javascript_jscomp_InlineVariables_java_void_inlineNonConstants_Var_v_ReferenceCollection_referenceInfo_boolean_maybeModifiedArguments
defects4j,Closure_36_workspace_objdump_d4j_full_fresh_closure_36_src_com_google_javascript_jscomp_InlineVariables_java_boolean_canInline_Reference_declaration_Reference_initialization_Reference_reference
defects4j,Closure_40_workspace_objdump_d4j_full_fresh_closure_40_src_com_google_javascript_jscomp_NameAnalyzer_java_void_visit_NodeTraversal_t_Node_n_Node_parent
defects4j,Closure_41_workspace_objdump_d4j_full_fresh_closure_41_src_com_google_javascript_jscomp_FunctionTypeBuilder_java_FunctionTypeBuilder_inferFromOverriddenFunction_FunctionType_oldType_Node_paramsParent
defects4j,Closure_41_workspace_objdump_d4j_full_fresh_closure_41_src_com_google_javascript_jscomp_FunctionTypeBuilder_java_FunctionTypeBuilder_inferParameterTypes_Node_argsParent_JSDocInfo_info
defects4j,Closure_42_workspace_objdump_d4j_full_fresh_closure_42_src_com_google_javascript_jscomp_parsing_IRFactory_java_Node_processForInLoop_ForInLoop_loopNode
defects4j,Closure_47_workspace_objdump_d4j_full_fresh_closure_47_src_com_google_debugging_sourcemap_SourceMapConsumerV3_java_OriginalMapping_getMappingForLine_int_lineNumber_int_column
defects4j,Closure_48_workspace_objdump_d4j_full_fresh_closure_48_src_com_google_javascript_jscomp_TypedScopeCreator_java_void_visit_NodeTraversal_t_Node_n_Node_parent
defects4j,Closure_48_workspace_objdump_d4j_full_fresh_closure_48_src_com_google_javascript_jscomp_TypedScopeCreator_java_void_maybeDeclareQualifiedName_NodeTraversal_t_JSDocInfo_info_Node_n_Node_parent_Node_rhsValue
defects4j,Closure_49_workspace_objdump_d4j_full_fresh_closure_49_src_com_google_javascript_jscomp_MakeDeclaredNamesUnique_java_void_enterScope_NodeTraversal_t
defects4j,Closure_5_workspace_objdump_d4j_full_fresh_closure_5_src_com_google_javascript_jscomp_InlineObjectLiterals_java_void_afterExitScope_NodeTraversal_t_ReferenceMap_referenceMap
defects4j,Closure_50_workspace_objdump_d4j_full_fresh_closure_50_src_com_google_javascript_jscomp_PeepholeReplaceKnownMethods_java_Node_tryFoldKnownMethods_Node_subtree
defects4j,Closure_50_workspace_objdump_d4j_full_fresh_closure_50_src_com_google_javascript_jscomp_PeepholeReplaceKnownMethods_java_Node_tryFoldArrayJoin_Node_n
defects4j,Closure_56_workspace_objdump_d4j_full_fresh_closure_56_src_com_google_javascript_jscomp_SourceFile_java_String_getLine_int_lineNumber
defects4j,Closure_57_workspace_objdump_d4j_full_fresh_closure_57_src_com_google_javascript_jscomp_ClosureCodingConvention_java_String_extractClassNameIfRequire_Node_node_Node_parent
defects4j,Closure_57_workspace_objdump_d4j_full_fresh_closure_57_src_com_google_javascript_jscomp_ClosureCodingConvention_java_String_extractClassNameIfGoog_Node_node_Node_parent_String_functionName
defects4j,Closure_6_workspace_objdump_d4j_full_fresh_closure_6_src_com_google_javascript_jscomp_TypeValidator_java_boolean_expectCanAssignToPropertyOf_NodeTraversal_t_Node_n_JSType_rightType_JSType_leftType_Node_owner_String_propName
defects4j,Closure_6_workspace_objdump_d4j_full_fresh_closure_6_src_com_google_javascript_jscomp_TypeValidator_java_boolean_expectCanAssignTo_NodeTraversal_t_Node_n_JSType_rightType_JSType_leftType_String_msg
defects4j,Closure_60_workspace_objdump_d4j_full_fresh_closure_60_src_com_google_javascript_jscomp_NodeUtil_java_TernaryValue_getPureBooleanValue_Node_n
defects4j,Closure_60_workspace_objdump_d4j_full_fresh_closure_60_src_com_google_javascript_jscomp_NodeUtil_java_String_getStringValue_Node_n
defects4j,Closure_61_workspace_objdump_d4j_full_fresh_closure_61_src_com_google_javascript_jscomp_NodeUtil_java_boolean_checkForStateChangeHelper_Node_n_boolean_checkForNewObjects_AbstractCompiler_compiler
defects4j,Closure_66_workspace_objdump_d4j_full_fresh_closure_66_src_com_google_javascript_jscomp_TypeCheck_java_void_visit_NodeTraversal_t_Node_n_Node_parent
defects4j,Closure_67_workspace_objdump_d4j_full_fresh_closure_67_src_com_google_javascript_jscomp_AnalyzePrototypeProperties_java_boolean_shouldTraverse_NodeTraversal_t_Node_n_Node_parent
defects4j,Closure_69_workspace_objdump_d4j_full_fresh_closure_69_src_com_google_javascript_jscomp_TypeCheck_java_void_visit_NodeTraversal_t_Node_n_Node_parent
defects4j,Closure_69_workspace_objdump_d4j_full_fresh_closure_69_src_com_google_javascript_jscomp_TypeCheck_java_void_visitCall_NodeTraversal_t_Node_n
defects4j,Closure_7_workspace_objdump_d4j_full_fresh_closure_7_src_com_google_javascript_jscomp_type_ChainableReverseAbstractInterpreter_java_JSType_caseObjectType_ObjectType_type
defects4j,Closure_71_workspace_objdump_d4j_full_fresh_closure_71_src_com_google_javascript_jscomp_CheckAccessControls_java_void_visit_NodeTraversal_t_Node_n_Node_parent
defects4j,Closure_71_workspace_objdump_d4j_full_fresh_closure_71_src_com_google_javascript_jscomp_CheckAccessControls_java_void_checkPropertyVisibility_NodeTraversal_t_Node_getprop_Node_parent
defects4j,Closure_72_workspace_objdump_d4j_full_fresh_closure_72_src_com_google_javascript_jscomp_FunctionToBlockMutator_java_Node_mutate_String_fnName_Node_fnNode_Node_callNode_String_resultName_boolean_needsDefaultResult_boolean_isCallInLoop
defects4j,Closure_74_workspace_objdump_d4j_full_fresh_closure_74_src_com_google_javascript_jscomp_PeepholeFoldConstants_java_Node_tryFoldBinaryOperator_Node_subtree
defects4j,Closure_74_workspace_objdump_d4j_full_fresh_closure_74_src_com_google_javascript_jscomp_PeepholeFoldConstants_java_Node_tryFoldComparison_Node_n_Node_left_Node_right
defects4j,Closure_75_workspace_objdump_d4j_full_fresh_closure_75_src_com_google_javascript_jscomp_NodeUtil_java_Double_getNumberValue_Node_n
defects4j,Closure_76_workspace_objdump_d4j_full_fresh_closure_76_src_com_google_javascript_jscomp_DeadAssignmentsElimination_java_boolean_isVariableStillLiveWithinExpression_Node_n_Node_exprRoot_String_variable
defects4j,Closure_78_workspace_objdump_d4j_full_fresh_closure_78_src_com_google_javascript_jscomp_PeepholeFoldConstants_java_Node_tryFoldArithmeticOp_Node_n_Node_left_Node_right
defects4j,Closure_79_workspace_objdump_d4j_full_fresh_closure_79_src_com_google_javascript_jscomp_VarCheck_java_void_process_Node_externs_Node_root
defects4j,Closure_81_workspace_objdump_d4j_full_fresh_closure_81_src_com_google_javascript_jscomp_parsing_IRFactory_java_Node_processFunctionNode_FunctionNode_functionNode
defects4j,Closure_82_workspace_objdump_d4j_full_fresh_closure_82_src_com_google_javascript_rhino_jstype_JSType_java_boolean_isEmptyType
defects4j,Closure_82_workspace_objdump_d4j_full_fresh_closure_82_src_com_google_javascript_rhino_jstype_JSType_java_TernaryValue_testForEqualityHelper_JSType_aType_JSType_bType
defects4j,Closure_83_workspace_objdump_d4j_full_fresh_closure_83_src_com_google_javascript_jscomp_CommandLineRunner_java_int_parseArguments_Parameters_params
defects4j,Closure_84_workspace_objdump_d4j_full_fresh_closure_84_src_com_google_javascript_jscomp_parsing_IRFactory_java_Node_processAssignment_Assignment_assignmentNode
defects4j,Closure_84_workspace_objdump_d4j_full_fresh_closure_84_src_com_google_javascript_jscomp_parsing_IRFactory_java_Node_processUnaryExpression_UnaryExpression_exprNode
defects4j,Closure_85_workspace_objdump_d4j_full_fresh_closure_85_src_com_google_javascript_jscomp_UnreachableCodeElimination_java_void_visit_NodeTraversal_t_Node_n_Node_parent
defects4j,Closure_86_workspace_objdump_d4j_full_fresh_closure_86_src_com_google_javascript_jscomp_NodeUtil_java_boolean_checkForStateChangeHelper_Node_n_boolean_checkForNewObjects_AbstractCompiler_compiler
defects4j,Closure_87_workspace_objdump_d4j_full_fresh_closure_87_src_com_google_javascript_jscomp_PeepholeSubstituteAlternateSyntax_java_Node_tryMinimizeIf_Node_n
defects4j,Closure_88_workspace_objdump_d4j_full_fresh_closure_88_src_com_google_javascript_jscomp_DeadAssignmentsElimination_java_boolean_isVariableStillLiveWithinExpression_Node_n_Node_exprRoot_String_variable
defects4j,Closure_88_workspace_objdump_d4j_full_fresh_closure_88_src_com_google_javascript_jscomp_DeadAssignmentsElimination_java_VariableLiveness_isVariableReadBeforeKill_Node_n_String_variable
defects4j,Closure_90_workspace_objdump_d4j_full_fresh_closure_90_src_com_google_javascript_jscomp_FunctionTypeBuilder_java_boolean_apply_JSType_type
defects4j,Closure_91_workspace_objdump_d4j_full_fresh_closure_91_src_com_google_javascript_jscomp_CheckGlobalThis_java_boolean_shouldTraverse_NodeTraversal_t_Node_n_Node_parent
defects4j,Closure_92_workspace_objdump_d4j_full_fresh_closure_92_src_com_google_javascript_jscomp_ProcessClosurePrimitives_java_void_process_Node_externs_Node_root
defects4j,Closure_92_workspace_objdump_d4j_full_fresh_closure_92_src_com_google_javascript_jscomp_ProcessClosurePrimitives_java_void_replace
defects4j,Closure_95_workspace_objdump_d4j_full_fresh_closure_95_src_com_google_javascript_jscomp_TypedScopeCreator_java_void_defineDeclaredFunction_Node_n_Node_parent
defects4j,Closure_96_workspace_objdump_d4j_full_fresh_closure_96_src_com_google_javascript_jscomp_TypeCheck_java_void_visitNew_NodeTraversal_t_Node_n
defects4j,Closure_97_workspace_objdump_d4j_full_fresh_closure_97_src_com_google_javascript_jscomp_PeepholeFoldConstants_java_Node_tryFoldBinaryOperator_Node_subtree
defects4j,Closure_97_workspace_objdump_d4j_full_fresh_closure_97_src_com_google_javascript_jscomp_PeepholeFoldConstants_java_Node_tryFoldShift_Node_n_Node_left_Node_right
defects4j,Closure_99_workspace_objdump_d4j_full_fresh_closure_99_src_com_google_javascript_jscomp_CheckGlobalThis_java_boolean_shouldTraverse_NodeTraversal_t_Node_n_Node_parent
defects4j,Codec_14_workspace_objdump_d4j_full_codec_14_src_main_java_org_apache_commons_codec_language_bm_PhoneticEngine_java_String_encode_String_input_Languages_LanguageSet_languageSet
defects4j,Codec_15_workspace_objdump_d4j_full_codec_15_src_main_java_org_apache_commons_codec_language_Soundex_java_char_getMappingCode_String_str_int_index
defects4j,Codec_15_workspace_objdump_d4j_full_codec_15_src_main_java_org_apache_commons_codec_language_Soundex_java_String_soundex_String_str
defects4j,Codec_2_workspace_objdump_d4j_full_codec_2_src_java_org_apache_commons_codec_binary_Base64_java_void_encode_byte_in_int_inPos_int_inAvail
defects4j,Codec_4_workspace_objdump_d4j_full_codec_4_src_java_org_apache_commons_codec_binary_Base64_java_byte_encodeBase64_byte_binaryData_boolean_isChunked_boolean_urlSafe_int_maxResultSize
defects4j,Codec_6_workspace_objdump_d4j_full_codec_6_src_java_org_apache_commons_codec_binary_Base64InputStream_java_int_read
defects4j,Codec_6_workspace_objdump_d4j_full_codec_6_src_java_org_apache_commons_codec_binary_Base64InputStream_java_int_read_byte_b_int_offset_int_len
defects4j,Collections_26_workspace_objdump_d4j_full_collections_26_src_main_java_org_apache_commons_collections4_keyvalue_MultiKey_java_Object_readResolve
defects4j,Compress_10_workspace_objdump_d4j_full_compress_10_src_main_java_org_apache_commons_compress_archivers_zip_ZipFile_java_ZipFile_File_f_String_encoding_boolean_useUnicodeExtraFields
defects4j,Compress_11_workspace_objdump_d4j_full_compress_11_src_main_java_org_apache_commons_compress_archivers_ArchiveStreamFactory_java_ArchiveInputStream_createArchiveInputStream_InputStream_in
defects4j,Compress_13_workspace_objdump_d4j_full_compress_13_src_main_java_org_apache_commons_compress_archivers_zip_ZipArchiveEntry_java_void_setName_String_name
defects4j,Compress_15_workspace_objdump_d4j_full_compress_15_src_main_java_org_apache_commons_compress_archivers_zip_ZipArchiveEntry_java_boolean_equals_Object_obj
defects4j,Compress_16_workspace_objdump_d4j_full_compress_16_src_main_java_org_apache_commons_compress_archivers_ArchiveStreamFactory_java_ArchiveInputStream_createArchiveInputStream_InputStream_in
defects4j,Compress_17_workspace_objdump_d4j_full_compress_17_src_main_java_org_apache_commons_compress_archivers_tar_TarUtils_java_long_parseOctal_byte_buffer_int_offset_int_length
defects4j,Compress_17_workspace_objdump_d4j_full_compress_17_src_main_java_org_apache_commons_compress_archivers_tar_TarUtils_java_long_parseOctalOrBinary_byte_buffer_int_offset_int_length
defects4j,Compress_25_workspace_objdump_d4j_full_compress_25_src_main_java_org_apache_commons_compress_archivers_zip_ZipArchiveInputStream_java_ZipArchiveInputStream_InputStream_inputStream_String_encoding_boolean_useUnicodeExtraFields_boolean_allowStoredEntriesWithDataDescriptor
defects4j,Compress_26_workspace_objdump_d4j_full_compress_26_src_main_java_org_apache_commons_compress_utils_IOUtils_java_long_skip_InputStream_input_long_numToSkip
defects4j,Compress_28_workspace_objdump_d4j_full_compress_28_src_main_java_org_apache_commons_compress_archivers_tar_TarArchiveInputStream_java_int_read_byte_buf_int_offset_int_numToRead
defects4j,Compress_3_workspace_objdump_d4j_full_compress_3_src_main_java_org_apache_commons_compress_archivers_tar_TarArchiveOutputStream_java_void_finish
defects4j,Compress_30_workspace_objdump_d4j_full_compress_30_src_main_java_org_apache_commons_compress_compressors_bzip2_BZip2CompressorInputStream_java_int_read_byte_dest_int_offs_int_len
defects4j,Compress_34_workspace_objdump_d4j_full_compress_34_src_main_java_org_apache_commons_compress_archivers_zip_X7875_NewUnix_java_ZipShort_getCentralDirectoryLength
defects4j,Compress_39_workspace_objdump_d4j_full_compress_39_src_main_java_org_apache_commons_compress_utils_ArchiveUtils_java_String_sanitize_String_s
defects4j,Compress_40_workspace_objdump_d4j_full_compress_40_src_main_java_org_apache_commons_compress_utils_BitInputStream_java_long_readBits_int_count
defects4j,Compress_41_workspace_objdump_d4j_full_compress_41_src_main_java_org_apache_commons_compress_archivers_zip_ZipArchiveInputStream_java_ZipArchiveEntry_getNextZipEntry
defects4j,Compress_41_workspace_objdump_d4j_full_compress_41_src_main_java_org_apache_commons_compress_archivers_zip_ZipArchiveInputStream_java_ArchiveEntry_getNextEntry
defects4j,Compress_42_workspace_objdump_d4j_full_compress_42_src_main_java_org_apache_commons_compress_archivers_zip_ZipArchiveEntry_java_boolean_isUnixSymlink
defects4j,Compress_44_workspace_objdump_d4j_full_compress_44_src_main_java_org_apache_commons_compress_utils_ChecksumCalculatingInputStream_java_ChecksumCalculatingInputStream_Checksum_checksum_InputStream_in
defects4j,Compress_46_workspace_objdump_d4j_full_compress_46_src_main_java_org_apache_commons_compress_archivers_zip_X5455_ExtendedTimestamp_java_ZipLong_dateToZipLong_Date_d
defects4j,Compress_46_workspace_objdump_d4j_full_compress_46_src_main_java_org_apache_commons_compress_archivers_zip_X5455_ExtendedTimestamp_java_ZipLong_unixTimeToZipLong_long_l
defects4j,Compress_47_workspace_objdump_d4j_full_compress_47_src_main_java_org_apache_commons_compress_archivers_zip_ZipArchiveInputStream_java_boolean_canReadEntryData_ArchiveEntry_ae
defects4j,Compress_5_workspace_objdump_d4j_full_compress_5_src_main_java_org_apache_commons_compress_archivers_zip_ZipArchiveInputStream_java_int_read_byte_buffer_int_start_int_length
defects4j,Compress_6_workspace_objdump_d4j_full_compress_6_src_main_java_org_apache_commons_compress_archivers_zip_ZipArchiveEntry_java_boolean_equals_Object_obj
defects4j,Compress_6_workspace_objdump_d4j_full_compress_6_src_main_java_org_apache_commons_compress_archivers_zip_ZipArchiveEntry_java_ZipArchiveEntry_String_name
defects4j,Compress_9_workspace_objdump_d4j_full_compress_9_src_main_java_org_apache_commons_compress_archivers_tar_TarArchiveOutputStream_java_void_putArchiveEntry_ArchiveEntry_archiveEntry
defects4j,Compress_9_workspace_objdump_d4j_full_compress_9_src_main_java_org_apache_commons_compress_archivers_tar_TarArchiveOutputStream_java_void_write_byte_wBuf_int_wOffset_int_numToWrite
defects4j,Csv_1_workspace_objdump_d4j_full_csv_1_src_main_java_org_apache_commons_csv_ExtendedBufferedReader_java_int_read
defects4j,Csv_10_workspace_objdump_d4j_full_csv_10_src_main_java_org_apache_commons_csv_CSVPrinter_java_CSVPrinter_Appendable_out_CSVFormat_format
defects4j,Csv_13_workspace_objdump_d4j_full_csv_13_src_main_java_org_apache_commons_csv_CSVPrinter_java_void_print_Object_value
defects4j,Csv_14_workspace_objdump_d4j_full_csv_14_src_main_java_org_apache_commons_csv_CSVFormat_java_void_print_Object_object_CharSequence_value_int_offset_int_len_Appendable_out_boolean_newRecord
defects4j,Csv_14_workspace_objdump_d4j_full_csv_14_src_main_java_org_apache_commons_csv_CSVFormat_java_void_printAndQuote_Object_object_CharSequence_value_int_offset_int_len_Appendable_out_boolean_newRecord
defects4j,Csv_15_workspace_objdump_d4j_full_csv_15_src_main_java_org_apache_commons_csv_CSVFormat_java_void_print_Object_object_CharSequence_value_int_offset_int_len_Appendable_out_boolean_newRecord
defects4j,Csv_15_workspace_objdump_d4j_full_csv_15_src_main_java_org_apache_commons_csv_CSVFormat_java_void_printAndQuote_Object_object_CharSequence_value_int_offset_int_len_Appendable_out_boolean_newRecord
defects4j,Csv_16_workspace_objdump_d4j_full_csv_16_src_main_java_org_apache_commons_csv_CSVParser_java_CSVParser_parse_File_file_Charset_charset_CSVFormat_format
defects4j,Csv_3_workspace_objdump_d4j_full_csv_3_src_main_java_org_apache_commons_csv_Lexer_java_int_readEscape
defects4j,Csv_5_workspace_objdump_d4j_full_csv_5_src_main_java_org_apache_commons_csv_CSVPrinter_java_void_printComment_String_comment
defects4j,Csv_7_workspace_objdump_d4j_full_csv_7_src_main_java_org_apache_commons_csv_CSVParser_java_CSVParser_Reader_reader_CSVFormat_format
defects4j,Gson_14_workspace_objdump_d4j_full_gson_14_gson_src_main_java_com_google_gson_internal_Gson_Types_java_WildcardType_subtypeOf_Type_bound
defects4j,Gson_14_workspace_objdump_d4j_full_gson_14_gson_src_main_java_com_google_gson_internal_Gson_Types_java_WildcardType_supertypeOf_Type_bound
defects4j,Gson_8_workspace_objdump_d4j_full_gson_8_gson_src_main_java_com_google_gson_internal_UnsafeAllocator_java_UnsafeAllocator_create
defects4j,JacksonCore_1_workspace_objdump_d4j_full_jacksoncore_1_src_main_java_com_fasterxml_jackson_core_io_NumberInput_java_BigDecimal_parseBigDecimal_String_numStr
defects4j,JacksonCore_18_workspace_objdump_d4j_full_jacksoncore_18_src_main_java_com_fasterxml_jackson_core_base_GeneratorBase_java_String_asString_BigDecimal_value
defects4j,JacksonCore_18_workspace_objdump_d4j_full_jacksoncore_18_src_main_java_com_fasterxml_jackson_core_json_WriterBasedJsonGenerator_java_void_writeNumber_BigDecimal_value
defects4j,JacksonCore_21_workspace_objdump_d4j_full_jacksoncore_21_src_main_java_com_fasterxml_jackson_core_filter_FilteringParserDelegate_java_JsonToken_nextToken
defects4j,JacksonCore_22_workspace_objdump_d4j_full_jacksoncore_22_src_main_java_com_fasterxml_jackson_core_filter_FilteringParserDelegate_java_JsonToken_nextToken
defects4j,JacksonCore_23_workspace_objdump_d4j_full_jacksoncore_23_src_main_java_com_fasterxml_jackson_core_util_DefaultPrettyPrinter_java_DefaultPrettyPrinter_createInstance
defects4j,JacksonCore_26_workspace_objdump_d4j_full_jacksoncore_26_src_main_java_com_fasterxml_jackson_core_json_async_NonBlockingJsonParser_java_void_feedInput_byte_buf_int_start_int_end
defects4j,JacksonCore_3_workspace_objdump_d4j_full_jacksoncore_3_src_main_java_com_fasterxml_jackson_core_json_UTF8StreamJsonParser_java_UTF8StreamJsonParser_IOContext_ctxt_int_features_InputStream_in_ObjectCodec_codec_BytesToNameCanonicalizer_sym_byte_inputBuffer_int_start_int_end_boolean_bufferRecyclable
defects4j,JacksonCore_4_workspace_objdump_d4j_full_jacksoncore_4_src_main_java_com_fasterxml_jackson_core_util_TextBuffer_java_char_expandCurrentSegment
defects4j,JacksonCore_7_workspace_objdump_d4j_full_jacksoncore_7_src_main_java_com_fasterxml_jackson_core_json_JsonWriteContext_java_int_writeValue
defects4j,JacksonDatabind_100_workspace_objdump_d4j_full_jacksondatabind_100_src_main_java_com_fasterxml_jackson_databind_node_TreeTraversingParser_java_byte_getBinaryValue_Base64Variant_b64variant
defects4j,JacksonDatabind_101_workspace_objdump_d4j_full_jacksondatabind_101_src_main_java_com_fasterxml_jackson_databind_deser_BeanDeserializer_java_Object_deserializeWithUnwrapped_JsonParser_p_DeserializationContext_ctxt
defects4j,JacksonDatabind_101_workspace_objdump_d4j_full_jacksondatabind_101_src_main_java_com_fasterxml_jackson_databind_deser_BeanDeserializer_java_Object_deserializeUsingPropertyBasedWithUnwrapped_JsonParser_p_DeserializationContext_ctxt
defects4j,JacksonDatabind_106_workspace_objdump_d4j_full_jacksondatabind_106_src_main_java_com_fasterxml_jackson_databind_node_TreeTraversingParser_java_int_getIntValue
defects4j,JacksonDatabind_106_workspace_objdump_d4j_full_jacksondatabind_106_src_main_java_com_fasterxml_jackson_databind_node_TreeTraversingParser_java_long_getLongValue
defects4j,JacksonDatabind_108_workspace_objdump_d4j_full_jacksondatabind_108_src_main_java_com_fasterxml_jackson_databind_ObjectReader_java_T_readTree_JsonParser_p
defects4j,JacksonDatabind_11_workspace_objdump_d4j_full_jacksondatabind_11_src_main_java_com_fasterxml_jackson_databind_type_TypeFactory_java_JavaType_constructType_Type_type_TypeBindings_context
defects4j,JacksonDatabind_12_workspace_objdump_d4j_full_jacksondatabind_12_src_main_java_com_fasterxml_jackson_databind_deser_std_MapDeserializer_java_boolean_isCachable
defects4j,JacksonDatabind_2_workspace_objdump_d4j_full_jacksondatabind_2_src_main_java_com_fasterxml_jackson_databind_util_TokenBuffer_java_void_writeObject_Object_value
defects4j,JacksonDatabind_2_workspace_objdump_d4j_full_jacksondatabind_2_src_main_java_com_fasterxml_jackson_databind_util_TokenBuffer_java_void_copyCurrentEvent_JsonParser_jp
defects4j,JacksonDatabind_24_workspace_objdump_d4j_full_jacksondatabind_24_src_main_java_com_fasterxml_jackson_databind_cfg_BaseSettings_java_BaseSettings_withDateFormat_DateFormat_df
defects4j,JacksonDatabind_42_workspace_objdump_d4j_full_jacksondatabind_42_src_main_java_com_fasterxml_jackson_databind_deser_std_FromStringDeserializer_java_T_deserialize_JsonParser_jp_DeserializationContext_ctxt
defects4j,JacksonDatabind_42_workspace_objdump_d4j_full_jacksondatabind_42_src_main_java_com_fasterxml_jackson_databind_deser_std_FromStringDeserializer_java_Object_deserializeFromEmptyString
defects4j,JacksonDatabind_56_workspace_objdump_d4j_full_jacksondatabind_56_src_main_java_com_fasterxml_jackson_databind_deser_std_FromStringDeserializer_java_T_deserialize_JsonParser_p_DeserializationContext_ctxt
defects4j,JacksonDatabind_56_workspace_objdump_d4j_full_jacksondatabind_56_src_main_java_com_fasterxml_jackson_databind_deser_std_FromStringDeserializer_java_Object_deserialize_String_value_DeserializationContext_ctxt
defects4j,JacksonDatabind_60_workspace_objdump_d4j_full_jacksondatabind_60_src_main_java_com_fasterxml_jackson_databind_ser_std_JsonValueSerializer_java_void_serializeWithType_Object_bean_JsonGenerator_gen_SerializerProvider_provider_TypeSerializer_typeSer0
defects4j,JacksonDatabind_7_workspace_objdump_d4j_full_jacksondatabind_7_src_main_java_com_fasterxml_jackson_databind_util_TokenBuffer_java_TokenBuffer_deserialize_JsonParser_jp_DeserializationContext_ctxt
defects4j,JacksonDatabind_76_workspace_objdump_d4j_full_jacksondatabind_76_src_main_java_com_fasterxml_jackson_databind_deser_BuilderBasedDeserializer_java_Object_deserializeWithUnwrapped_JsonParser_p_DeserializationContext_ctxt
defects4j,JacksonDatabind_76_workspace_objdump_d4j_full_jacksondatabind_76_src_main_java_com_fasterxml_jackson_databind_deser_BuilderBasedDeserializer_java_Object_deserializeUsingPropertyBasedWithUnwrapped_JsonParser_p_DeserializationContext_ctxt
defects4j,JacksonDatabind_87_workspace_objdump_d4j_full_jacksondatabind_87_src_main_java_com_fasterxml_jackson_databind_util_StdDateFormat_java_Date_parse_String_dateStr
defects4j,JacksonDatabind_87_workspace_objdump_d4j_full_jacksondatabind_87_src_main_java_com_fasterxml_jackson_databind_util_StdDateFormat_java_Date_parseAsISO8601_String_dateStr_ParsePosition_pos_boolean_throwErrors
defects4j,JacksonDatabind_88_workspace_objdump_d4j_full_jacksondatabind_88_src_main_java_com_fasterxml_jackson_databind_jsontype_impl_ClassNameIdResolver_java_JavaType_typeFromId_DatabindContext_context_String_id
defects4j,JacksonDatabind_88_workspace_objdump_d4j_full_jacksondatabind_88_src_main_java_com_fasterxml_jackson_databind_jsontype_impl_ClassNameIdResolver_java_JavaType_typeFromId_String_id_DatabindContext_ctxt
defects4j,JacksonDatabind_91_workspace_objdump_d4j_full_jacksondatabind_91_src_main_java_com_fasterxml_jackson_databind_deser_DeserializerCache_java_boolean_hasCustomHandlers_JavaType_t
defects4j,JacksonDatabind_94_workspace_objdump_d4j_full_jacksondatabind_94_src_main_java_com_fasterxml_jackson_databind_jsontype_impl_SubTypeValidator_java_void_validateSubType_DeserializationContext_ctxt_JavaType_type
defects4j,JacksonXml_1_workspace_objdump_d4j_full_jacksonxml_1_src_main_java_com_fasterxml_jackson_dataformat_xml_deser_FromXmlParser_java_JsonToken_nextToken
defects4j,JacksonXml_5_workspace_objdump_d4j_full_jacksonxml_5_src_main_java_com_fasterxml_jackson_dataformat_xml_ser_XmlSerializerProvider_java_DefaultSerializerProvider_copy
defects4j,Jsoup_10_workspace_objdump_d4j_full_jsoup_10_src_main_java_org_jsoup_nodes_Node_java_String_attr_String_attributeKey
defects4j,Jsoup_10_workspace_objdump_d4j_full_jsoup_10_src_main_java_org_jsoup_nodes_Node_java_String_absUrl_String_attributeKey
defects4j,Jsoup_13_workspace_objdump_d4j_full_jsoup_13_src_main_java_org_jsoup_nodes_Node_java_boolean_hasAttr_String_attributeKey
defects4j,Jsoup_13_workspace_objdump_d4j_full_jsoup_13_src_main_java_org_jsoup_nodes_Node_java_String_absUrl_String_attributeKey
defects4j,Jsoup_14_workspace_objdump_d4j_full_jsoup_14_src_main_java_org_jsoup_parser_TokeniserState_java_void_read_Tokeniser_t_CharacterReader_r
defects4j,Jsoup_15_workspace_objdump_d4j_full_jsoup_15_src_main_java_org_jsoup_parser_TreeBuilderState_java_boolean_process_Token_t_TreeBuilder_tb
defects4j,Jsoup_15_workspace_objdump_d4j_full_jsoup_15_src_main_java_org_jsoup_parser_TreeBuilderState_java_boolean_anythingElse_Token_t_TreeBuilder_tb
defects4j,Jsoup_16_workspace_objdump_d4j_full_jsoup_16_src_main_java_org_jsoup_nodes_DocumentType_java_void_outerHtmlHead_StringBuilder_accum_int_depth_Document_OutputSettings_out
defects4j,Jsoup_16_workspace_objdump_d4j_full_jsoup_16_src_main_java_org_jsoup_nodes_DocumentType_java_DocumentType_String_name_String_publicId_String_systemId_String_baseUri
defects4j,Jsoup_18_workspace_objdump_d4j_full_jsoup_18_src_main_java_org_jsoup_parser_CharacterReader_java_String_consumeTo_char_c
defects4j,Jsoup_19_workspace_objdump_d4j_full_jsoup_19_src_main_java_org_jsoup_safety_Whitelist_java_boolean_isSafeAttribute_String_tagName_Element_el_Attribute_attr
defects4j,Jsoup_2_workspace_objdump_d4j_full_jsoup_2_src_main_java_org_jsoup_parser_Parser_java_Document_parse
defects4j,Jsoup_2_workspace_objdump_d4j_full_jsoup_2_src_main_java_org_jsoup_parser_Parser_java_void_parseStartTag
defects4j,Jsoup_20_workspace_objdump_d4j_full_jsoup_20_src_main_java_org_jsoup_helper_DataUtil_java_Document_load_File_in_String_charsetName_String_baseUri
defects4j,Jsoup_21_workspace_objdump_d4j_full_jsoup_21_src_main_java_org_jsoup_select_QueryParser_java_Evaluator_parse_String_query
defects4j,Jsoup_23_workspace_objdump_d4j_full_jsoup_23_src_main_java_org_jsoup_parser_Tokeniser_java_Character_consumeCharacterReference_Character_additionalAllowedCharacter_boolean_inAttribute
defects4j,Jsoup_24_workspace_objdump_d4j_full_jsoup_24_src_main_java_org_jsoup_parser_TokeniserState_java_void_read_Tokeniser_t_CharacterReader_r
defects4j,Jsoup_27_workspace_objdump_d4j_full_jsoup_27_src_main_java_org_jsoup_helper_DataUtil_java_Document_parseByteData_ByteBuffer_byteData_String_charsetName_String_baseUri_Parser_parser
defects4j,Jsoup_27_workspace_objdump_d4j_full_jsoup_27_src_main_java_org_jsoup_helper_DataUtil_java_String_getCharsetFromContentType_String_contentType
defects4j,Jsoup_28_workspace_objdump_d4j_full_jsoup_28_src_main_java_org_jsoup_nodes_Entities_java_String_unescape_String_string
defects4j,Jsoup_29_workspace_objdump_d4j_full_jsoup_29_src_main_java_org_jsoup_nodes_Document_java_String_title
defects4j,Jsoup_29_workspace_objdump_d4j_full_jsoup_29_src_main_java_org_jsoup_nodes_Document_java_void_title_String_title
defects4j,Jsoup_31_workspace_objdump_d4j_full_jsoup_31_src_main_java_org_jsoup_parser_TokeniserState_java_void_read_Tokeniser_t_CharacterReader_r
defects4j,Jsoup_32_workspace_objdump_d4j_full_jsoup_32_src_main_java_org_jsoup_nodes_Element_java_Element_clone
defects4j,Jsoup_33_workspace_objdump_d4j_full_jsoup_33_src_main_java_org_jsoup_parser_HtmlTreeBuilder_java_Element_insert_Token_StartTag_startTag
defects4j,Jsoup_35_workspace_objdump_d4j_full_jsoup_35_src_main_java_org_jsoup_parser_HtmlTreeBuilderState_java_boolean_process_Token_t_HtmlTreeBuilder_tb
defects4j,Jsoup_35_workspace_objdump_d4j_full_jsoup_35_src_main_java_org_jsoup_parser_HtmlTreeBuilderState_java_boolean_anythingElse_Token_t_HtmlTreeBuilder_tb
defects4j,Jsoup_35_workspace_objdump_d4j_full_jsoup_35_src_main_java_org_jsoup_parser_HtmlTreeBuilderState_java_boolean_anythingElse_Token_t_TreeBuilder_tb
defects4j,Jsoup_37_workspace_objdump_d4j_full_jsoup_37_src_main_java_org_jsoup_nodes_Element_java_void_outerHtmlHead_StringBuilder_accum_int_depth_Document_OutputSettings_out
defects4j,Jsoup_37_workspace_objdump_d4j_full_jsoup_37_src_main_java_org_jsoup_nodes_Element_java_String_html
defects4j,Jsoup_38_workspace_objdump_d4j_full_jsoup_38_src_main_java_org_jsoup_parser_HtmlTreeBuilderState_java_boolean_process_Token_t_HtmlTreeBuilder_tb
defects4j,Jsoup_38_workspace_objdump_d4j_full_jsoup_38_src_main_java_org_jsoup_parser_HtmlTreeBuilderState_java_boolean_anythingElse_Token_t_HtmlTreeBuilder_tb
defects4j,Jsoup_38_workspace_objdump_d4j_full_jsoup_38_src_main_java_org_jsoup_parser_HtmlTreeBuilderState_java_boolean_anythingElse_Token_t_TreeBuilder_tb
defects4j,Jsoup_4_workspace_objdump_d4j_full_jsoup_4_src_main_java_org_jsoup_nodes_Entities_java_String_unescape_String_string
defects4j,Jsoup_41_workspace_objdump_d4j_full_jsoup_41_src_main_java_org_jsoup_nodes_Element_java_void_accumulateParents_Element_el_Elements_parents
defects4j,Jsoup_41_workspace_objdump_d4j_full_jsoup_41_src_main_java_org_jsoup_nodes_Element_java_String_text
defects4j,Jsoup_41_workspace_objdump_d4j_full_jsoup_41_src_main_java_org_jsoup_nodes_Element_java_boolean_equals_Object_o
defects4j,Jsoup_43_workspace_objdump_d4j_full_jsoup_43_src_main_java_org_jsoup_nodes_Element_java_Element_nextElementSibling
defects4j,Jsoup_43_workspace_objdump_d4j_full_jsoup_43_src_main_java_org_jsoup_nodes_Element_java_Element_previousElementSibling
defects4j,Jsoup_43_workspace_objdump_d4j_full_jsoup_43_src_main_java_org_jsoup_nodes_Element_java_Integer_elementSiblingIndex
defects4j,Jsoup_44_workspace_objdump_d4j_full_jsoup_44_src_main_java_org_jsoup_parser_TreeBuilder_java_boolean_processStartTag_String_name
defects4j,Jsoup_44_workspace_objdump_d4j_full_jsoup_44_src_main_java_org_jsoup_parser_TreeBuilder_java_boolean_processEndTag_String_name
defects4j,Jsoup_46_workspace_objdump_d4j_full_jsoup_46_src_main_java_org_jsoup_nodes_Entities_java_void_escape_StringBuilder_accum_String_string_Document_OutputSettings_out_boolean_inAttribute_boolean_normaliseWhite_boolean_stripLeadingWhite
defects4j,Jsoup_47_workspace_objdump_d4j_full_jsoup_47_src_main_java_org_jsoup_nodes_Entities_java_String_escape_String_string_Document_OutputSettings_out
defects4j,Jsoup_47_workspace_objdump_d4j_full_jsoup_47_src_main_java_org_jsoup_nodes_Entities_java_void_escape_StringBuilder_accum_String_string_Document_OutputSettings_out_boolean_inAttribute_boolean_normaliseWhite_boolean_stripLeadingWhite
defects4j,Jsoup_49_workspace_objdump_d4j_full_jsoup_49_src_main_java_org_jsoup_nodes_Node_java_void_addSiblingHtml_int_index_String_html
defects4j,Jsoup_49_workspace_objdump_d4j_full_jsoup_49_src_main_java_org_jsoup_nodes_Node_java_void_addChildren_int_index_Node_children
defects4j,Jsoup_50_workspace_objdump_d4j_full_jsoup_50_src_main_java_org_jsoup_helper_DataUtil_java_Document_load_File_in_String_charsetName_String_baseUri
defects4j,Jsoup_51_workspace_objdump_d4j_full_jsoup_51_src_main_java_org_jsoup_parser_CharacterReader_java_boolean_matchesLetter
defects4j,Jsoup_55_workspace_objdump_d4j_full_jsoup_55_src_main_java_org_jsoup_parser_TokeniserState_java_void_read_Tokeniser_t_CharacterReader_r
defects4j,Jsoup_58_workspace_objdump_d4j_full_jsoup_58_src_main_java_org_jsoup_Jsoup_java_boolean_isValid_String_bodyHtml_Whitelist_whitelist
defects4j,Jsoup_58_workspace_objdump_d4j_full_jsoup_58_src_main_java_org_jsoup_safety_Cleaner_java_boolean_isValid_Document_dirtyDocument
defects4j,Jsoup_60_workspace_objdump_d4j_full_jsoup_60_src_main_java_org_jsoup_parser_TokenQueue_java_String_chompBalanced_char_open_char_close
defects4j,Jsoup_64_workspace_objdump_d4j_full_jsoup_64_src_main_java_org_jsoup_parser_HtmlTreeBuilderState_java_boolean_process_Token_t_HtmlTreeBuilder_tb
defects4j,Jsoup_64_workspace_objdump_d4j_full_jsoup_64_src_main_java_org_jsoup_parser_HtmlTreeBuilderState_java_void_handleRawtext_Token_StartTag_startTag_HtmlTreeBuilder_tb
defects4j,Jsoup_70_workspace_objdump_d4j_full_jsoup_70_src_main_java_org_jsoup_nodes_Element_java_void_appendNormalisedText_StringBuilder_accum_TextNode_textNode
defects4j,Jsoup_70_workspace_objdump_d4j_full_jsoup_70_src_main_java_org_jsoup_nodes_Element_java_boolean_preserveWhitespace_Node_node
defects4j,Jsoup_74_workspace_objdump_d4j_full_jsoup_74_src_main_java_org_jsoup_helper_StringUtil_java_String_normaliseWhitespace_String_string
defects4j,Jsoup_74_workspace_objdump_d4j_full_jsoup_74_src_main_java_org_jsoup_helper_StringUtil_java_void_appendNormalisedWhitespace_StringBuilder_accum_String_string_boolean_stripLeading
defects4j,Jsoup_75_workspace_objdump_d4j_full_jsoup_75_src_main_java_org_jsoup_nodes_Attributes_java_String_html
defects4j,Jsoup_75_workspace_objdump_d4j_full_jsoup_75_src_main_java_org_jsoup_nodes_Attributes_java_void_html_Appendable_accum_Document_OutputSettings_out
defects4j,Jsoup_75_workspace_objdump_d4j_full_jsoup_75_src_main_java_org_jsoup_nodes_Attributes_java_String_toString
defects4j,Jsoup_76_workspace_objdump_d4j_full_jsoup_76_src_main_java_org_jsoup_parser_HtmlTreeBuilderState_java_boolean_process_Token_t_HtmlTreeBuilder_tb
defects4j,Jsoup_76_workspace_objdump_d4j_full_jsoup_76_src_main_java_org_jsoup_parser_HtmlTreeBuilderState_java_boolean_anythingElse_Token_t_HtmlTreeBuilder_tb
defects4j,Jsoup_76_workspace_objdump_d4j_full_jsoup_76_src_main_java_org_jsoup_parser_HtmlTreeBuilderState_java_boolean_anythingElse_Token_t_TreeBuilder_tb
defects4j,Jsoup_81_workspace_objdump_d4j_full_jsoup_81_src_main_java_org_jsoup_helper_DataUtil_java_Document_load_File_in_String_charsetName_String_baseUri
defects4j,Jsoup_81_workspace_objdump_d4j_full_jsoup_81_src_main_java_org_jsoup_helper_DataUtil_java_Document_load_InputStream_in_String_charsetName_String_baseUri
defects4j,Jsoup_81_workspace_objdump_d4j_full_jsoup_81_src_main_java_org_jsoup_helper_DataUtil_java_Document_parseInputStream_InputStream_input_String_charsetName_String_baseUri_Parser_parser
defects4j,Jsoup_82_workspace_objdump_d4j_full_jsoup_82_src_main_java_org_jsoup_helper_DataUtil_java_Document_load_File_in_String_charsetName_String_baseUri
defects4j,Jsoup_82_workspace_objdump_d4j_full_jsoup_82_src_main_java_org_jsoup_helper_DataUtil_java_Document_load_InputStream_in_String_charsetName_String_baseUri
defects4j,Jsoup_82_workspace_objdump_d4j_full_jsoup_82_src_main_java_org_jsoup_helper_DataUtil_java_Document_parseInputStream_InputStream_input_String_charsetName_String_baseUri_Parser_parser
defects4j,Jsoup_83_workspace_objdump_d4j_full_jsoup_83_src_main_java_org_jsoup_parser_CharacterReader_java_String_consumeTagName
defects4j,Jsoup_83_workspace_objdump_d4j_full_jsoup_83_src_main_java_org_jsoup_parser_TokeniserState_java_void_read_Tokeniser_t_CharacterReader_r
defects4j,Jsoup_85_workspace_objdump_d4j_full_jsoup_85_src_main_java_org_jsoup_nodes_Attribute_java_boolean_shouldCollapseAttribute_String_key_String_val_Document_OutputSettings_out
defects4j,Jsoup_85_workspace_objdump_d4j_full_jsoup_85_src_main_java_org_jsoup_nodes_Attribute_java_Attribute_String_key_String_val_Attributes_parent
defects4j,Jsoup_87_workspace_objdump_d4j_full_jsoup_87_src_main_java_org_jsoup_parser_Tag_java_Tag_String_tagName
defects4j,Jsoup_88_workspace_objdump_d4j_full_jsoup_88_src_main_java_org_jsoup_nodes_Attribute_java_String_getValue
defects4j,Jsoup_91_workspace_objdump_d4j_full_jsoup_91_src_main_java_org_jsoup_parser_CharacterReader_java_CharacterReader_Reader_input_int_sz
defects4j,JxPath_10_workspace_objdump_d4j_full_jxpath_10_src_java_org_apache_commons_jxpath_ri_compiler_CoreOperationRelationalExpression_java_Object_computeValue_EvalContext_context
defects4j,JxPath_14_workspace_objdump_d4j_full_jxpath_14_src_java_org_apache_commons_jxpath_ri_compiler_CoreFunction_java_Object_computeValue_EvalContext_context
defects4j,JxPath_15_workspace_objdump_d4j_full_jxpath_15_src_java_org_apache_commons_jxpath_ri_axes_UnionContext_java_boolean_setPosition_int_position
defects4j,JxPath_18_workspace_objdump_d4j_full_jxpath_18_src_java_org_apache_commons_jxpath_ri_axes_AttributeContext_java_boolean_nextNode
defects4j,JxPath_19_workspace_objdump_d4j_full_jxpath_19_src_java_org_apache_commons_jxpath_ri_model_jdom_JDOMNodePointer_java_String_asPath
defects4j,JxPath_19_workspace_objdump_d4j_full_jxpath_19_src_java_org_apache_commons_jxpath_ri_model_jdom_JDOMNodePointer_java_int_getRelativePositionByQName
defects4j,JxPath_2_workspace_objdump_d4j_full_jxpath_2_src_java_org_apache_commons_jxpath_ri_compiler_Expression_java_Iterator_iterate_EvalContext_context
defects4j,JxPath_2_workspace_objdump_d4j_full_jxpath_2_src_java_org_apache_commons_jxpath_ri_compiler_Expression_java_Iterator_iteratePointers_EvalContext_context
defects4j,JxPath_21_workspace_objdump_d4j_full_jxpath_21_src_java_org_apache_commons_jxpath_ri_model_beans_PropertyPointer_java_int_getLength
defects4j,JxPath_21_workspace_objdump_d4j_full_jxpath_21_src_java_org_apache_commons_jxpath_ri_model_beans_PropertyPointer_java_NodePointer_createPath_JXPathContext_context_Object_value
defects4j,JxPath_3_workspace_objdump_d4j_full_jxpath_3_src_java_org_apache_commons_jxpath_ri_model_beans_NullPropertyPointer_java_NodePointer_createPath_JXPathContext_context
defects4j,JxPath_3_workspace_objdump_d4j_full_jxpath_3_src_java_org_apache_commons_jxpath_ri_model_beans_NullPropertyPointer_java_NodePointer_createPath_JXPathContext_context_Object_value
defects4j,JxPath_3_workspace_objdump_d4j_full_jxpath_3_src_java_org_apache_commons_jxpath_ri_model_beans_NullPropertyPointer_java_NodePointer_createChild_JXPathContext_context_QName_name_int_index
defects4j,JxPath_4_workspace_objdump_d4j_full_jxpath_4_src_java_org_apache_commons_jxpath_ri_model_dom_DOMNodePointer_java_String_getNamespaceURI_Node_node
defects4j,JxPath_4_workspace_objdump_d4j_full_jxpath_4_src_java_org_apache_commons_jxpath_ri_model_jdom_JDOMNodePointer_java_Object_getValue
defects4j,JxPath_4_workspace_objdump_d4j_full_jxpath_4_src_java_org_apache_commons_jxpath_ri_model_dom_DOMNodePointer_java_String_stringValue_Node_node
defects4j,JxPath_7_workspace_objdump_d4j_full_jxpath_7_src_java_org_apache_commons_jxpath_ri_compiler_CoreOperationLessThanOrEqual_java_Object_computeValue_org_apache_commons_jxpath_ri_EvalContext_context
defects4j,JxPath_8_workspace_objdump_d4j_full_jxpath_8_src_java_org_apache_commons_jxpath_ri_compiler_CoreOperationRelationalExpression_java_Object_computeValue_EvalContext_context
defects4j,JxPath_8_workspace_objdump_d4j_full_jxpath_8_src_java_org_apache_commons_jxpath_ri_compiler_CoreOperationRelationalExpression_java_boolean_compute_Object_left_Object_right
defects4j,JxPath_8_workspace_objdump_d4j_full_jxpath_8_src_java_org_apache_commons_jxpath_ri_compiler_CoreOperationRelationalExpression_java_boolean_containsMatch_Iterator_it_Object_value
defects4j,Lang_10_workspace_objdump_d4j_full_lang_10_src_main_java_org_apache_commons_lang3_time_FastDateParser_java_StringBuilder_escapeRegex_StringBuilder_regex_String_value_boolean_unquote
defects4j,Lang_10_workspace_objdump_d4j_full_lang_10_src_main_java_org_apache_commons_lang3_time_FastDateParser_java_boolean_addRegex_FastDateParser_parser_StringBuilder_regex
defects4j,Lang_10_workspace_objdump_d4j_full_lang_10_src_main_java_org_apache_commons_lang3_time_FastDateParser_java_TimeZoneStrategy_Locale_locale
defects4j,Lang_11_workspace_objdump_d4j_full_lang_11_src_main_java_org_apache_commons_lang3_RandomStringUtils_java_String_random_int_count
defects4j,Lang_15_workspace_objdump_d4j_full_lang_15_src_main_java_org_apache_commons_lang3_reflect_TypeUtils_java_boolean_isAssignable_Type_type_Type_toType
defects4j,Lang_21_workspace_objdump_d4j_full_lang_21_src_main_java_org_apache_commons_lang3_time_DateUtils_java_boolean_isSameLocalTime_Calendar_cal1_Calendar_cal2
defects4j,Lang_24_workspace_objdump_d4j_full_lang_24_src_main_java_org_apache_commons_lang3_math_NumberUtils_java_boolean_isNumber_String_str
defects4j,Lang_29_workspace_objdump_d4j_full_lang_29_src_main_java_org_apache_commons_lang3_SystemUtils_java_float_toJavaVersionInt_String_version
defects4j,Lang_3_workspace_objdump_d4j_full_lang_3_src_main_java_org_apache_commons_lang3_math_NumberUtils_java_Number_createNumber_String_str
defects4j,Lang_32_workspace_objdump_d4j_full_lang_32_src_main_java_org_apache_commons_lang3_builder_HashCodeBuilder_java_boolean_isRegistered_Object_value
defects4j,Lang_32_workspace_objdump_d4j_full_lang_32_src_main_java_org_apache_commons_lang3_builder_HashCodeBuilder_java_void_register_Object_value
defects4j,Lang_32_workspace_objdump_d4j_full_lang_32_src_main_java_org_apache_commons_lang3_builder_HashCodeBuilder_java_void_unregister_Object_value
defects4j,Lang_34_workspace_objdump_d4j_full_lang_34_src_main_java_org_apache_commons_lang3_builder_ToStringStyle_java_boolean_isRegistered_Object_value
defects4j,Lang_34_workspace_objdump_d4j_full_lang_34_src_main_java_org_apache_commons_lang3_builder_ToStringStyle_java_void_appendInternal_StringBuffer_buffer_String_fieldName_Object_value_boolean_detail
defects4j,Lang_36_workspace_objdump_d4j_full_lang_36_src_java_org_apache_commons_lang3_math_NumberUtils_java_Number_createNumber_String_str
defects4j,Lang_36_workspace_objdump_d4j_full_lang_36_src_java_org_apache_commons_lang3_math_NumberUtils_java_boolean_isNumber_String_str
defects4j,Lang_53_workspace_objdump_d4j_full_lang_53_src_java_org_apache_commons_lang_time_DateUtils_java_Date_round_Date_date_int_field
defects4j,Lang_55_workspace_objdump_d4j_full_lang_55_src_java_org_apache_commons_lang_time_StopWatch_java_void_stop
defects4j,Lang_61_workspace_objdump_d4j_full_lang_61_src_java_org_apache_commons_lang_text_StrBuilder_java_StrBuilder_deleteAll_String_str
defects4j,Lang_64_workspace_objdump_d4j_full_lang_64_src_java_org_apache_commons_lang_enums_ValuedEnum_java_int_compareTo_Object_other
defects4j,Lang_65_workspace_objdump_d4j_full_lang_65_src_java_org_apache_commons_lang_time_DateUtils_java_Date_round_Date_date_int_field
defects4j,Lang_7_workspace_objdump_d4j_full_lang_7_src_main_java_org_apache_commons_lang3_math_NumberUtils_java_Number_createNumber_String_str
defects4j,Lang_7_workspace_objdump_d4j_full_lang_7_src_main_java_org_apache_commons_lang3_math_NumberUtils_java_BigDecimal_createBigDecimal_String_str
defects4j,Lang_8_workspace_objdump_d4j_full_lang_8_src_main_java_org_apache_commons_lang3_time_FastDatePrinter_java_StringBuffer_applyRules_Calendar_calendar_StringBuffer_buf
defects4j,Lang_9_workspace_objdump_d4j_full_lang_9_src_main_java_org_apache_commons_lang3_time_FastDateParser_java_void_init
defects4j,Lang_9_workspace_objdump_d4j_full_lang_9_src_main_java_org_apache_commons_lang3_time_FastDateParser_java_void_readObject_ObjectInputStream_in
defects4j,Lang_9_workspace_objdump_d4j_full_lang_9_src_main_java_org_apache_commons_lang3_time_FastDateParser_java_FastDateParser_String_pattern_TimeZone_timeZone_Locale_locale
defects4j,Math_10_workspace_objdump_d4j_full_math_10_src_main_java_org_apache_commons_math3_analysis_differentiation_DSCompiler_java_void_atan2_double_y_int_yOffset_double_x_int_xOffset_double_result_int_resultOffset
defects4j,Math_102_workspace_objdump_d4j_full_math_102_src_java_org_apache_commons_math_stat_inference_ChiSquareTestImpl_java_double_chiSquare_double_expected_long_observed
defects4j,Math_102_workspace_objdump_d4j_full_math_102_src_java_org_apache_commons_math_stat_inference_ChiSquareTestImpl_java_double_chiSquareTest_double_expected_long_observed
defects4j,Math_102_workspace_objdump_d4j_full_math_102_src_java_org_apache_commons_math_stat_inference_ChiSquareTestImpl_java_double_chiSquareTest_long_counts
defects4j,Math_105_workspace_objdump_d4j_full_math_105_src_java_org_apache_commons_math_stat_regression_SimpleRegression_java_double_getSumSquaredErrors
defects4j,Math_105_workspace_objdump_d4j_full_math_105_src_java_org_apache_commons_math_stat_regression_SimpleRegression_java_double_getMeanSquareError
defects4j,Math_105_workspace_objdump_d4j_full_math_105_src_java_org_apache_commons_math_stat_regression_SimpleRegression_java_double_getRSquare
defects4j,Math_106_workspace_objdump_d4j_full_math_106_src_java_org_apache_commons_math_fraction_ProperFractionFormat_java_Fraction_parse_String_source_ParsePosition_pos
defects4j,Math_11_workspace_objdump_d4j_full_math_11_src_main_java_org_apache_commons_math3_distribution_MultivariateNormalDistribution_java_double_density_double_vals
defects4j,Math_15_workspace_objdump_d4j_full_math_15_src_main_java_org_apache_commons_math3_util_FastMath_java_double_exp_double_x_double_extra_double_hiPrec
defects4j,Math_15_workspace_objdump_d4j_full_math_15_src_main_java_org_apache_commons_math3_util_FastMath_java_double_pow_double_x_double_y
defects4j,Math_16_workspace_objdump_d4j_full_math_16_src_main_java_org_apache_commons_math3_util_FastMath_java_double_cosh_double_x
defects4j,Math_16_workspace_objdump_d4j_full_math_16_src_main_java_org_apache_commons_math3_util_FastMath_java_double_tanh_double_x
defects4j,Math_17_workspace_objdump_d4j_full_math_17_src_main_java_org_apache_commons_math3_dfp_Dfp_java_Dfp_remainder_Dfp_d
defects4j,Math_2_workspace_objdump_d4j_full_math_2_src_main_java_org_apache_commons_math3_distribution_HypergeometricDistribution_java_double_getNumericalMean
defects4j,Math_20_workspace_objdump_d4j_full_math_20_src_main_java_org_apache_commons_math3_optimization_direct_CMAESOptimizer_java_PointValuePair_doOptimize
defects4j,Math_20_workspace_objdump_d4j_full_math_20_src_main_java_org_apache_commons_math3_optimization_direct_CMAESOptimizer_java_double_repairAndDecode_double_x
defects4j,Math_22_workspace_objdump_d4j_full_math_22_src_main_java_org_apache_commons_math3_distribution_FDistribution_java_boolean_isSupportLowerBoundInclusive
defects4j,Math_22_workspace_objdump_d4j_full_math_22_src_main_java_org_apache_commons_math3_distribution_UniformRealDistribution_java_boolean_isSupportUpperBoundInclusive
defects4j,Math_23_workspace_objdump_d4j_full_math_23_src_main_java_org_apache_commons_math3_optimization_univariate_BrentOptimizer_java_UnivariatePointValuePair_doOptimize
defects4j,Math_24_workspace_objdump_d4j_full_math_24_src_main_java_org_apache_commons_math3_optimization_univariate_BrentOptimizer_java_UnivariatePointValuePair_doOptimize
defects4j,Math_25_workspace_objdump_d4j_full_math_25_src_main_java_org_apache_commons_math3_optimization_fitting_HarmonicFitter_java_double_guess
defects4j,Math_25_workspace_objdump_d4j_full_math_25_src_main_java_org_apache_commons_math3_optimization_fitting_HarmonicFitter_java_void_guessAOmega
defects4j,Math_26_workspace_objdump_d4j_full_math_26_src_main_java_org_apache_commons_math3_fraction_Fraction_java_Fraction_negate
defects4j,Math_26_workspace_objdump_d4j_full_math_26_src_main_java_org_apache_commons_math3_fraction_Fraction_java_Fraction_reciprocal
defects4j,Math_26_workspace_objdump_d4j_full_math_26_src_main_java_org_apache_commons_math3_fraction_Fraction_java_Fraction_double_value_double_epsilon_int_maxDenominator_int_maxIterations
defects4j,Math_27_workspace_objdump_d4j_full_math_27_src_main_java_org_apache_commons_math3_fraction_Fraction_java_double_percentageValue
defects4j,Math_29_workspace_objdump_d4j_full_math_29_src_main_java_org_apache_commons_math3_linear_OpenMapRealVector_java_OpenMapRealVector_ebeDivide_RealVector_v
defects4j,Math_29_workspace_objdump_d4j_full_math_29_src_main_java_org_apache_commons_math3_linear_OpenMapRealVector_java_OpenMapRealVector_ebeMultiply_RealVector_v
defects4j,Math_30_workspace_objdump_d4j_full_math_30_src_main_java_org_apache_commons_math3_stat_inference_MannWhitneyUTest_java_double_calculateAsymptoticPValue_double_Umin_int_n1_int_n2
defects4j,Math_30_workspace_objdump_d4j_full_math_30_src_main_java_org_apache_commons_math3_stat_inference_MannWhitneyUTest_java_double_mannWhitneyUTest_double_x_double_y
defects4j,Math_31_workspace_objdump_d4j_full_math_31_src_main_java_org_apache_commons_math3_util_ContinuedFraction_java_double_evaluate_double_x_double_epsilon
defects4j,Math_31_workspace_objdump_d4j_full_math_31_src_main_java_org_apache_commons_math3_util_ContinuedFraction_java_double_evaluate_double_x_double_epsilon_int_maxIterations
defects4j,Math_33_workspace_objdump_d4j_full_math_33_src_main_java_org_apache_commons_math3_optimization_linear_SimplexTableau_java_void_dropPhase1Objective
defects4j,Math_35_workspace_objdump_d4j_full_math_35_src_main_java_org_apache_commons_math3_genetics_ElitisticListPopulation_java_Population_nextGeneration
defects4j,Math_35_workspace_objdump_d4j_full_math_35_src_main_java_org_apache_commons_math3_genetics_ElitisticListPopulation_java_ElitisticListPopulation_int_populationLimit_double_elitismRate
defects4j,Math_36_workspace_objdump_d4j_full_math_36_src_main_java_org_apache_commons_math_fraction_BigFraction_java_double_doubleValue
defects4j,Math_37_workspace_objdump_d4j_full_math_37_src_main_java_org_apache_commons_math_complex_Complex_java_Complex_tan
defects4j,Math_37_workspace_objdump_d4j_full_math_37_src_main_java_org_apache_commons_math_complex_Complex_java_Complex_tanh
defects4j,Math_39_workspace_objdump_d4j_full_math_39_src_main_java_org_apache_commons_math_ode_nonstiff_EmbeddedRungeKuttaIntegrator_java_void_integrate_ExpandableStatefulODE_equations_double_t
defects4j,Math_41_workspace_objdump_d4j_full_math_41_src_main_java_org_apache_commons_math_stat_descriptive_moment_Variance_java_double_evaluate_double_values
defects4j,Math_42_workspace_objdump_d4j_full_math_42_src_main_java_org_apache_commons_math_optimization_linear_SimplexTableau_java_RealPointValuePair_getSolution
defects4j,Math_43_workspace_objdump_d4j_full_math_43_src_main_java_org_apache_commons_math_stat_descriptive_SummaryStatistics_java_void_addValue_double_value
defects4j,Math_44_workspace_objdump_d4j_full_math_44_src_main_java_org_apache_commons_math_ode_AbstractIntegrator_java_double_acceptStep_AbstractStepInterpolator_interpolator_double_y_double_yDot_double_tEnd
defects4j,Math_45_workspace_objdump_d4j_full_math_45_src_main_java_org_apache_commons_math_linear_OpenMapRealMatrix_java_OpenMapRealMatrix_copy
defects4j,Math_46_workspace_objdump_d4j_full_math_46_src_main_java_org_apache_commons_math_complex_Complex_java_Complex_divide_Complex_divisor
defects4j,Math_46_workspace_objdump_d4j_full_math_46_src_main_java_org_apache_commons_math_complex_Complex_java_Complex_atan
defects4j,Math_5_workspace_objdump_d4j_full_math_5_src_main_java_org_apache_commons_math3_complex_Complex_java_Complex_reciprocal
defects4j,Math_50_workspace_objdump_d4j_full_math_50_src_main_java_org_apache_commons_math_analysis_solvers_BaseSecantSolver_java_double_doSolve
defects4j,Math_52_workspace_objdump_d4j_full_math_52_src_main_java_org_apache_commons_math_geometry_euclidean_threed_Rotation_java_Rotation_revert
defects4j,Math_54_workspace_objdump_d4j_full_math_54_src_main_java_org_apache_commons_math_dfp_Dfp_java_Dfp_newInstance_int_x
defects4j,Math_54_workspace_objdump_d4j_full_math_54_src_main_java_org_apache_commons_math_dfp_Dfp_java_double_toDouble
defects4j,Math_54_workspace_objdump_d4j_full_math_54_src_main_java_org_apache_commons_math_dfp_Dfp_java_Dfp_DfpField_field_double_x
defects4j,Math_55_workspace_objdump_d4j_full_math_55_src_main_java_org_apache_commons_math_geometry_Vector3D_java_double_angle_Vector3D_v1_Vector3D_v2
defects4j,Math_55_workspace_objdump_d4j_full_math_55_src_main_java_org_apache_commons_math_geometry_Vector3D_java_Vector3D_crossProduct_Vector3D_v1_Vector3D_v2
defects4j,Math_56_workspace_objdump_d4j_full_math_56_src_main_java_org_apache_commons_math_util_MultidimensionalCounter_java_int_getCounts_int_index
defects4j,Math_59_workspace_objdump_d4j_full_math_59_src_main_java_org_apache_commons_math_util_FastMath_java_float_max_float_a_float_b
defects4j,Math_6_workspace_objdump_d4j_full_math_6_src_main_java_org_apache_commons_math3_optim_nonlinear_scalar_noderiv_SimplexOptimizer_java_PointValuePair_doOptimize
defects4j,Math_6_workspace_objdump_d4j_full_math_6_src_main_java_org_apache_commons_math3_optim_nonlinear_vector_jacobian_LevenbergMarquardtOptimizer_java_PointVectorValuePair_doOptimize
defects4j,Math_62_workspace_objdump_d4j_full_math_62_src_main_java_org_apache_commons_math_optimization_univariate_MultiStartUnivariateRealOptimizer_java_UnivariateRealPointValuePair_optimize_FUNC_f_GoalType_goal_double_min_double_max
defects4j,Math_62_workspace_objdump_d4j_full_math_62_src_main_java_org_apache_commons_math_optimization_univariate_MultiStartUnivariateRealOptimizer_java_UnivariateRealPointValuePair_optimize_FUNC_f_GoalType_goal_double_min_double_max_double_startValue
defects4j,Math_64_workspace_objdump_d4j_full_math_64_src_main_java_org_apache_commons_math_optimization_general_LevenbergMarquardtOptimizer_java_VectorialPointValuePair_doOptimize
defects4j,Math_65_workspace_objdump_d4j_full_math_65_src_main_java_org_apache_commons_math_optimization_general_AbstractLeastSquaresOptimizer_java_double_getRMS
defects4j,Math_65_workspace_objdump_d4j_full_math_65_src_main_java_org_apache_commons_math_optimization_general_AbstractLeastSquaresOptimizer_java_double_getChiSquare
defects4j,Math_65_workspace_objdump_d4j_full_math_65_src_main_java_org_apache_commons_math_optimization_general_AbstractLeastSquaresOptimizer_java_double_guessParametersErrors
defects4j,Math_67_workspace_objdump_d4j_full_math_67_src_main_java_org_apache_commons_math_optimization_MultiStartUnivariateRealOptimizer_java_double_getResult
defects4j,Math_67_workspace_objdump_d4j_full_math_67_src_main_java_org_apache_commons_math_optimization_MultiStartUnivariateRealOptimizer_java_double_optimize_UnivariateRealFunction_f_GoalType_goalType_double_min_double_max
defects4j,Math_68_workspace_objdump_d4j_full_math_68_src_main_java_org_apache_commons_math_optimization_general_LevenbergMarquardtOptimizer_java_VectorialPointValuePair_doOptimize
defects4j,Math_68_workspace_objdump_d4j_full_math_68_src_main_java_org_apache_commons_math_optimization_general_LevenbergMarquardtOptimizer_java_LevenbergMarquardtOptimizer
defects4j,Math_69_workspace_objdump_d4j_full_math_69_src_main_java_org_apache_commons_math_stat_correlation_PearsonsCorrelation_java_RealMatrix_getCorrelationPValues
defects4j,Math_7_workspace_objdump_d4j_full_math_7_src_main_java_org_apache_commons_math3_ode_AbstractIntegrator_java_double_acceptStep_AbstractStepInterpolator_interpolator_double_y_double_yDot_double_tEnd
defects4j,Math_71_workspace_objdump_d4j_full_math_71_src_main_java_org_apache_commons_math_ode_nonstiff_RungeKuttaIntegrator_java_double_integrate_FirstOrderDifferentialEquations_equations_double_t0_double_y0_double_t_double_y
defects4j,Math_72_workspace_objdump_d4j_full_math_72_src_main_java_org_apache_commons_math_analysis_solvers_BrentSolver_java_double_solve_UnivariateRealFunction_f_double_min_double_max_double_initial
defects4j,Math_72_workspace_objdump_d4j_full_math_72_src_main_java_org_apache_commons_math_analysis_solvers_BrentSolver_java_double_solve_UnivariateRealFunction_f_double_min_double_max
defects4j,Math_73_workspace_objdump_d4j_full_math_73_src_main_java_org_apache_commons_math_analysis_solvers_BrentSolver_java_double_solve_UnivariateRealFunction_f_double_min_double_max_double_initial
defects4j,Math_73_workspace_objdump_d4j_full_math_73_src_main_java_org_apache_commons_math_analysis_solvers_BrentSolver_java_double_solve_UnivariateRealFunction_f_double_min_double_max
defects4j,Math_74_workspace_objdump_d4j_full_math_74_src_main_java_org_apache_commons_math_ode_nonstiff_EmbeddedRungeKuttaIntegrator_java_double_integrate_FirstOrderDifferentialEquations_equations_double_t0_double_y0_double_t_double_y
defects4j,Math_77_workspace_objdump_d4j_full_math_77_src_main_java_org_apache_commons_math_linear_ArrayRealVector_java_double_getLInfNorm
defects4j,Math_80_workspace_objdump_d4j_full_math_80_src_main_java_org_apache_commons_math_linear_EigenDecompositionImpl_java_void_processGeneralBlock_int_n
defects4j,Math_80_workspace_objdump_d4j_full_math_80_src_main_java_org_apache_commons_math_linear_EigenDecompositionImpl_java_int_goodStep_int_start_int_end
defects4j,Math_80_workspace_objdump_d4j_full_math_80_src_main_java_org_apache_commons_math_linear_EigenDecompositionImpl_java_boolean_flipIfWarranted_int_n_int_step
defects4j,Math_82_workspace_objdump_d4j_full_math_82_src_main_java_org_apache_commons_math_optimization_linear_SimplexSolver_java_Integer_getPivotRow_int_col_SimplexTableau_tableau
defects4j,Math_82_workspace_objdump_d4j_full_math_82_src_main_java_org_apache_commons_math_optimization_linear_SimplexSolver_java_void_doIteration_SimplexTableau_tableau
defects4j,Math_86_workspace_objdump_d4j_full_math_86_src_java_org_apache_commons_math_linear_CholeskyDecompositionImpl_java_CholeskyDecompositionImpl_RealMatrix_matrix_double_relativeSymmetryThreshold_double_absolutePositivityThreshold
defects4j,Math_87_workspace_objdump_d4j_full_math_87_src_java_org_apache_commons_math_optimization_linear_SimplexTableau_java_void_initialize
defects4j,Math_87_workspace_objdump_d4j_full_math_87_src_java_org_apache_commons_math_optimization_linear_SimplexTableau_java_Integer_getBasicRow_int_col
defects4j,Math_87_workspace_objdump_d4j_full_math_87_src_java_org_apache_commons_math_optimization_linear_SimplexTableau_java_RealPointValuePair_getSolution
defects4j,Math_88_workspace_objdump_d4j_full_math_88_src_java_org_apache_commons_math_optimization_linear_SimplexTableau_java_RealPointValuePair_getSolution
defects4j,Math_9_workspace_objdump_d4j_full_math_9_src_main_java_org_apache_commons_math3_geometry_euclidean_threed_Line_java_Line_revert
defects4j,Math_91_workspace_objdump_d4j_full_math_91_src_java_org_apache_commons_math_fraction_Fraction_java_int_compareTo_Fraction_object
defects4j,Math_92_workspace_objdump_d4j_full_math_92_src_java_org_apache_commons_math_util_MathUtils_java_long_binomialCoefficient_int_n_int_k
defects4j,Math_92_workspace_objdump_d4j_full_math_92_src_java_org_apache_commons_math_util_MathUtils_java_double_binomialCoefficientDouble_int_n_int_k
defects4j,Math_92_workspace_objdump_d4j_full_math_92_src_java_org_apache_commons_math_util_MathUtils_java_double_binomialCoefficientLog_int_n_int_k
defects4j,Math_93_workspace_objdump_d4j_full_math_93_src_java_org_apache_commons_math_util_MathUtils_java_long_factorial_int_n
defects4j,Math_93_workspace_objdump_d4j_full_math_93_src_java_org_apache_commons_math_util_MathUtils_java_double_factorialDouble_int_n
defects4j,Math_93_workspace_objdump_d4j_full_math_93_src_java_org_apache_commons_math_util_MathUtils_java_double_factorialLog_int_n
defects4j,Math_94_workspace_objdump_d4j_full_math_94_src_java_org_apache_commons_math_util_MathUtils_java_int_gcd_int_u_int_v
defects4j,Math_96_workspace_objdump_d4j_full_math_96_src_java_org_apache_commons_math_complex_Complex_java_boolean_equals_Object_other
defects4j,Math_99_workspace_objdump_d4j_full_math_99_src_java_org_apache_commons_math_util_MathUtils_java_int_gcd_int_p_int_q
defects4j,Math_99_workspace_objdump_d4j_full_math_99_src_java_org_apache_commons_math_util_MathUtils_java_int_lcm_int_a_int_b
defects4j,Mockito_11_workspace_objdump_d4j_full_mockito_11_src_org_mockito_internal_creation_DelegatingMethod_java_boolean_equals_Object_o
defects4j,Mockito_13_workspace_objdump_d4j_full_mockito_13_src_org_mockito_internal_MockHandler_java_Object_handle_Invocation_invocation
defects4j,Mockito_14_workspace_objdump_d4j_full_mockito_14_src_org_mockito_internal_MockHandler_java_Object_handle_Invocation_invocation
defects4j,Mockito_14_workspace_objdump_d4j_full_mockito_14_src_org_mockito_internal_MockitoCore_java_T_verify_T_mock_VerificationMode_mode
defects4j,Mockito_14_workspace_objdump_d4j_full_mockito_14_src_org_mockito_internal_MockitoCore_java_void_verifyNoMoreInteractions_Object_mocks
defects4j,Mockito_24_workspace_objdump_d4j_full_mockito_24_src_org_mockito_internal_stubbing_defaultanswers_ReturnsEmptyValues_java_Object_answer_InvocationOnMock_invocation
defects4j,Mockito_3_workspace_objdump_d4j_full_mockito_3_src_org_mockito_internal_invocation_InvocationMatcher_java_void_captureArgumentsFrom_Invocation_invocation
defects4j,Mockito_30_workspace_objdump_d4j_full_mockito_30_src_org_mockito_exceptions_Reporter_java_void_smartNullPointerException_Location_location
defects4j,Mockito_30_workspace_objdump_d4j_full_mockito_30_src_org_mockito_internal_stubbing_defaultanswers_ReturnsSmartNulls_java_Object_intercept_Object_obj_Method_method_Object_args_MethodProxy_proxy
defects4j,Mockito_33_workspace_objdump_d4j_full_mockito_33_src_org_mockito_internal_invocation_InvocationMatcher_java_boolean_matches_Invocation_actual
defects4j,Mockito_33_workspace_objdump_d4j_full_mockito_33_src_org_mockito_internal_invocation_InvocationMatcher_java_boolean_hasSimilarMethod_Invocation_candidate
defects4j,Mockito_33_workspace_objdump_d4j_full_mockito_33_src_org_mockito_internal_invocation_InvocationMatcher_java_boolean_hasSameMethod_Invocation_candidate
defects4j,Time_1_workspace_objdump_d4j_full_time_1_src_main_java_org_joda_time_Partial_java_Partial_without_DateTimeFieldType_fieldType
defects4j,Time_1_workspace_objdump_d4j_full_time_1_src_main_java_org_joda_time_Partial_java_Partial_DateTimeFieldType_types_int_values_Chronology_chronology
defects4j,Time_1_workspace_objdump_d4j_full_time_1_src_main_java_org_joda_time_field_UnsupportedDurationField_java_int_compareTo_DurationField_durationField
defects4j,Time_14_workspace_objdump_d4j_full_time_14_src_main_java_org_joda_time_chrono_BasicMonthOfYearDateTimeField_java_int_add_ReadablePartial_partial_int_fieldIndex_int_values_int_valueToAdd
defects4j,Time_14_workspace_objdump_d4j_full_time_14_src_main_java_org_joda_time_chrono_BasicMonthOfYearDateTimeField_java_long_getDifferenceAsLong_long_minuendInstant_long_subtrahendInstant
defects4j,Time_15_workspace_objdump_d4j_full_time_15_src_main_java_org_joda_time_field_FieldUtils_java_long_safeMultiply_long_val1_int_val2
defects4j,Time_16_workspace_objdump_d4j_full_time_16_src_main_java_org_joda_time_format_DateTimeFormatter_java_int_parseInto_ReadWritableInstant_instant_String_text_int_position
defects4j,Time_16_workspace_objdump_d4j_full_time_16_src_main_java_org_joda_time_format_DateTimeFormatter_java_long_parseMillis_String_text
defects4j,Time_16_workspace_objdump_d4j_full_time_16_src_main_java_org_joda_time_format_DateTimeFormatter_java_LocalDateTime_parseLocalDateTime_String_text
defects4j,Time_17_workspace_objdump_d4j_full_time_17_src_main_java_org_joda_time_DateTimeZone_java_long_adjustOffset_long_instant_boolean_earlierOrLater
defects4j,Time_22_workspace_objdump_d4j_full_time_22_src_main_java_org_joda_time_base_BasePeriod_java_BasePeriod_long_duration
defects4j,Time_24_workspace_objdump_d4j_full_time_24_src_main_java_org_joda_time_format_DateTimeParserBucket_java_long_computeMillis_boolean_resetFields_String_text
defects4j,Time_4_workspace_objdump_d4j_full_time_4_src_main_java_org_joda_time_Partial_java_Partial_with_DateTimeFieldType_fieldType_int_value
defects4j,Time_9_workspace_objdump_d4j_full_time_9_src_main_java_org_joda_time_DateTimeZone_java_DateTimeZone_forOffsetHoursMinutes_int_hoursOffset_int_minutesOffset
defects4j,Time_9_workspace_objdump_d4j_full_time_9_src_main_java_org_joda_time_DateTimeZone_java_DateTimeZone_forOffsetMillis_int_millisOffset
